Year,Month,Region_enc,Model_enc,Units_Sold,BEV_Share,Premium_Share,GDP_Growth,Fuel_Price_Index
2018,12,0,2,4624,0.031,15.82,1.25,0.96
2025,12,2,2,6732,0.167,5.89,2.37,1.41
2024,1,2,5,12601,0.169,6.0,1.27,1.34
2023,12,3,4,9070,0.145,15.08,3.0,1.23
2022,1,2,4,4351,0.119,5.55,2.5,1.2
2018,11,2,2,8456,0.019,5.09,3.46,0.99
2024,5,3,4,9070,0.155,16.86,3.26,1.3
2021,2,3,0,5553,0.09,14.62,3.85,1.14
2020,5,1,2,3140,0.07,17.21,1.69,1.11
2024,4,3,2,8025,0.181,20.97,2.92,1.31
2025,3,1,3,9644,0.205,19.51,4.25,1.38
2024,9,2,3,4535,0.16,5.82,2.76,1.32
2019,4,3,3,9574,0.07,19.64,2.98,1.07
2022,6,3,7,14382,0.121,19.36,3.11,1.21
2018,7,3,3,5996,0.014,16.36,0.99,1.03
2020,2,0,1,11675,0.076,17.19,3.54,1.11
2019,10,1,2,3118,0.04,20.75,4.31,1.03
2018,8,1,4,10128,0.021,18.77,2.4,1.02
2018,12,0,6,4193,0.04,15.82,1.25,0.96
2025,2,3,2,7938,0.179,14.81,3.66,1.38
2018,9,3,5,9126,0.016,19.6,1.64,0.94
2024,4,3,5,10053,0.145,20.97,2.92,1.31
2019,9,2,7,4619,0.035,5.66,2.29,1.03
2023,9,1,1,14734,0.147,20.22,3.93,1.26
2019,1,3,2,4445,0.034,17.37,4.25,1.06
2023,4,1,7,9324,0.141,16.81,1.94,1.25
2020,9,0,5,4897,0.086,20.13,3.71,1.1
2025,12,3,0,10070,0.212,18.91,2.54,1.36
2025,5,2,6,11650,0.212,5.29,2.31,1.38
2019,11,1,1,9851,0.047,14.48,2.4,1.01
2024,6,1,0,5141,0.16,14.82,3.54,1.31
2021,6,3,7,7770,0.099,17.38,3.43,1.16
2018,1,1,2,2554,0.013,19.12,3.5,1.0
2020,11,0,1,3730,0.073,20.31,2.67,1.12
2021,4,2,7,12083,0.076,6.51,2.7,1.11
2020,3,0,6,8188,0.059,14.38,3.34,1.07
2019,1,2,2,8405,0.042,6.5,3.26,1.06
2020,8,0,1,3891,0.069,17.49,3.65,1.07
2022,4,2,4,8077,0.124,5.5,3.93,1.27
2021,4,3,7,3734,0.093,16.27,4.0,1.18
2020,6,0,1,6120,0.081,19.12,2.41,1.07
2018,7,1,2,2720,0.017,14.62,2.18,0.98
2018,9,2,4,8477,0.018,5.51,4.22,0.93
2018,8,1,2,6954,0.026,18.77,2.4,1.02
2025,8,2,6,3305,0.207,5.85,3.31,1.36
2024,1,1,3,6433,0.18,15.11,3.31,1.28
2018,4,1,0,3207,0.016,14.6,3.55,0.96
2021,9,3,3,7693,0.088,18.52,3.18,1.11
2024,11,0,0,10685,0.166,15.84,2.25,1.29
2021,10,3,6,8883,0.096,17.59,1.7,1.14
2019,12,2,5,9036,0.047,6.48,3.45,1.02
2022,12,3,2,5003,0.126,14.2,4.51,1.22
2021,3,1,7,8438,0.096,14.82,1.79,1.14
2025,8,3,4,11772,0.193,20.94,0.28,1.37
2024,11,2,3,3432,0.166,5.97,3.51,1.32
2025,7,1,5,6064,0.196,16.37,2.09,1.34
2023,7,3,3,3383,0.148,15.89,3.46,1.26
2018,4,0,0,5550,0.041,15.96,3.95,1.04
2023,12,0,5,11115,0.139,17.54,3.6,1.2
2021,6,2,1,12226,0.106,6.05,2.0,1.18
2023,1,3,1,12415,0.156,20.67,2.54,1.27
2022,3,1,0,3256,0.136,14.44,2.63,1.2
2022,1,0,4,4061,0.117,17.07,2.38,1.16
2019,11,2,1,2960,0.027,6.03,3.19,1.08
2025,8,1,3,10505,0.202,14.33,4.0,1.29
2018,8,1,3,11219,0.022,18.77,2.4,1.02
2025,5,2,1,3809,0.19,5.29,2.31,1.38
2024,2,3,3,3601,0.166,17.39,2.55,1.26
2023,8,3,7,3152,0.152,15.72,4.09,1.23
2022,4,2,7,5898,0.106,5.5,3.93,1.27
2023,3,2,7,8054,0.125,5.48,2.75,1.22
2023,8,2,0,6228,0.156,6.62,1.78,1.29
2022,8,3,1,7292,0.102,17.21,4.14,1.27
2024,6,3,2,7604,0.179,14.51,3.86,1.25
2024,12,0,1,3595,0.174,19.13,1.86,1.27
2024,10,2,2,4663,0.167,6.37,4.57,1.28
2019,3,3,0,11562,0.047,15.71,2.9,1.05
2021,12,2,6,4349,0.105,6.72,2.2,1.23
2020,2,1,1,3732,0.073,16.47,4.66,1.15
2022,9,3,4,6843,0.118,18.12,3.76,1.22
2021,10,0,4,6001,0.1,17.04,3.51,1.2
2021,1,1,6,5213,0.112,20.58,4.52,1.16
2019,10,2,5,2597,0.036,5.7,4.22,1.1
2022,5,1,7,7250,0.116,15.41,2.6,1.18
2023,11,0,1,11183,0.139,14.35,2.92,1.23
2018,7,3,5,5923,-0.005,16.36,0.99,1.03
2018,1,0,5,9119,0.02,17.6,2.37,1.02
2025,9,2,5,6356,0.205,6.64,3.4,1.35
2019,2,1,7,3972,0.042,20.1,4.81,1.06
2023,1,3,4,11132,0.145,20.67,2.54,1.27
2020,9,1,4,7119,0.078,20.6,4.49,1.1
2024,7,1,1,9675,0.176,14.7,3.9,1.27
2023,12,2,4,8600,0.154,5.57,3.67,1.33
2025,1,3,0,10577,0.201,20.78,2.87,1.31
2021,12,0,7,8002,0.081,16.14,3.31,1.12
2023,4,1,4,10661,0.157,16.81,1.94,1.25
2022,1,3,3,10062,0.141,20.54,4.57,1.2
2022,5,3,5,3268,0.125,20.51,4.02,1.22
2019,4,2,6,3522,0.033,6.62,3.44,1.08
2019,9,1,5,4453,0.044,14.35,3.91,1.09
2019,7,3,6,3675,0.041,14.31,1.93,1.06
2023,9,2,3,7870,0.131,5.51,1.89,1.28
2024,8,0,6,12991,0.165,16.84,0.97,1.26
2023,1,0,6,5520,0.139,19.53,2.81,1.24
2025,1,3,5,5496,0.194,20.78,2.87,1.31
2019,5,1,7,6079,0.04,17.12,2.38,1.11
2020,2,3,4,8704,0.066,18.43,3.08,1.13
2019,6,2,6,7591,0.044,6.1,2.01,1.05
2025,10,3,7,6647,0.186,19.89,2.76,1.35
2025,4,1,2,5875,0.195,15.08,3.72,1.36
2024,6,1,6,5651,0.183,14.82,3.54,1.31
2025,4,3,5,12275,0.194,20.73,4.21,1.37
2021,3,3,1,8502,0.097,19.64,1.71,1.11
2024,7,3,6,12324,0.171,19.71,2.85,1.27
2021,11,2,7,2785,0.097,5.49,1.86,1.17
2018,4,2,4,10798,0.015,5.64,2.51,1.01
2024,12,3,3,5471,0.176,19.11,4.19,1.26
2018,7,2,5,4111,0.028,6.45,2.99,1.01
2025,10,1,0,7480,0.202,19.1,4.06,1.38
2018,12,1,7,4089,0.025,20.78,2.5,0.99
2020,2,2,6,11824,0.065,6.15,5.11,1.12
2022,11,2,0,9087,0.105,5.76,3.81,1.18
2025,9,3,1,13033,0.168,15.19,2.59,1.35
2018,9,1,4,6607,0.013,15.16,2.67,0.99
2025,5,3,7,3523,0.195,15.22,2.38,1.33
2020,4,3,2,2542,0.061,19.81,3.52,1.16
2025,5,0,7,11466,0.194,19.64,1.86,1.34
2021,12,2,5,5042,0.104,6.72,2.2,1.23
2020,9,2,5,11513,0.067,6.87,2.96,1.16
2024,6,1,1,12671,0.175,14.82,3.54,1.31
2021,1,2,3,4407,0.093,5.31,4.59,1.14
2022,1,2,6,4103,0.122,5.55,2.5,1.2
2020,4,1,6,10274,0.067,16.57,2.67,1.12
2025,3,2,7,11033,0.183,5.35,3.2,1.34
2024,3,0,7,13732,0.163,15.87,5.82,1.23
2019,3,0,0,2974,0.046,18.8,2.52,0.98
2019,3,0,7,10961,0.039,18.8,2.52,0.98
2025,8,1,7,12415,0.205,14.33,4.0,1.29
2023,3,2,0,10073,0.155,5.48,2.75,1.22
2022,2,0,0,9317,0.117,15.26,4.41,1.2
2018,12,2,6,3894,0.022,6.08,3.75,0.96
2022,6,1,2,7166,0.123,20.37,3.07,1.12
2025,12,0,7,11861,0.203,14.38,2.72,1.33
2019,12,2,1,10084,0.038,6.48,3.45,1.02
2023,10,2,1,6199,0.152,6.02,5.12,1.24
2020,6,3,1,9624,0.078,20.67,3.42,1.14
2021,10,2,5,11427,0.116,6.19,3.94,1.16
2022,12,0,0,11543,0.122,15.01,4.44,1.18
2024,11,0,2,10698,0.185,15.84,2.25,1.29
2020,2,1,6,10699,0.051,16.47,4.66,1.15
2022,1,0,2,11898,0.118,17.07,2.38,1.16
2023,2,0,5,9183,0.139,16.93,2.53,1.29
2021,11,3,4,9565,0.09,19.36,2.37,1.18
2024,4,3,1,7554,0.168,20.97,2.92,1.31
2024,2,0,0,4550,0.186,19.28,2.13,1.32
2020,11,2,3,9402,0.076,6.43,4.12,1.12
2021,10,3,4,4325,0.093,17.59,1.7,1.14
2019,5,2,7,7980,0.038,6.86,2.62,1.06
2020,1,3,1,3307,0.067,14.91,2.96,1.06
2021,6,3,3,9228,0.108,17.38,3.43,1.16
2021,3,2,1,12069,0.093,6.31,1.91,1.13
2022,11,1,5,6942,0.109,14.38,2.28,1.18
2022,6,0,7,4781,0.133,17.29,1.14,1.2
2024,10,3,4,9480,0.176,20.6,2.94,1.28
2022,4,3,4,9419,0.121,20.19,4.21,1.15
2021,9,0,7,12615,0.097,14.56,3.7,1.12
2020,4,1,0,10049,0.075,16.57,2.67,1.12
2025,9,3,3,15339,0.189,15.19,2.59,1.35
2022,8,3,2,4334,0.103,17.21,4.14,1.27
2021,7,0,5,11952,0.083,15.24,2.37,1.14
2024,6,0,7,4145,0.163,19.11,2.37,1.31
2025,2,0,6,7267,0.195,20.36,5.25,1.34
2020,8,1,7,10389,0.081,20.63,4.02,1.11
2019,2,3,4,9193,0.038,18.18,4.57,1.0
2023,7,0,1,11611,0.124,19.21,1.85,1.27
2018,8,0,6,5877,0.028,17.66,3.54,1.03
2024,2,0,3,6172,0.157,19.28,2.13,1.32
2018,4,0,6,8661,0.028,15.96,3.95,1.04
2020,1,0,6,10405,0.07,14.05,0.65,1.11
2024,5,2,0,5747,0.187,5.82,1.97,1.33
2018,6,1,4,4771,0.026,17.17,1.67,0.98
2018,10,1,0,10644,0.022,16.95,3.33,0.96
2018,8,2,5,9775,0.026,6.43,4.33,1.06
2022,6,0,2,14670,0.11,17.29,1.14,1.2
2025,11,3,3,10675,0.202,15.48,2.21,1.39
2022,4,0,1,3463,0.119,17.2,2.43,1.18
2019,12,2,2,4112,0.049,6.48,3.45,1.02
2020,1,3,4,6351,0.074,14.91,2.96,1.06
2021,7,3,7,3544,0.102,19.11,3.0,1.18
2021,5,1,7,11608,0.075,18.88,1.9,1.13
2021,6,0,0,13350,0.093,15.58,3.92,1.13
2024,2,1,7,6256,0.15,17.19,4.26,1.29
2024,1,2,2,8763,0.151,6.0,1.27,1.34
2024,3,3,7,8270,0.183,14.7,4.1,1.34
2020,10,0,0,8182,0.065,19.1,2.25,1.1
2020,6,3,0,6217,0.054,20.67,3.42,1.14
2021,3,1,6,5054,0.088,14.82,1.79,1.14
2021,5,0,2,7316,0.107,14.36,3.68,1.13
2023,10,2,0,8635,0.143,6.02,5.12,1.24
2024,5,2,1,6311,0.176,5.82,1.97,1.33
2019,3,0,6,3842,0.035,18.8,2.52,0.98
2022,1,2,2,11956,0.133,5.55,2.5,1.2
2021,12,0,6,13473,0.092,16.14,3.31,1.12
2018,5,2,6,11245,0.018,5.15,3.84,0.97
2020,5,0,2,11716,0.075,18.89,2.18,1.14
2023,3,2,6,12823,0.161,5.48,2.75,1.22
2025,6,1,2,11767,0.202,18.81,3.25,1.35
2019,10,1,6,2698,0.055,20.75,4.31,1.03
2022,8,0,1,9855,0.134,17.11,2.78,1.23
2020,7,1,5,11429,0.06,18.93,1.48,1.09
2018,8,0,7,6192,-0.003,17.66,3.54,1.03
2020,4,2,1,6024,0.071,5.29,3.39,1.14
2021,1,1,2,4536,0.108,20.58,4.52,1.16
2018,8,3,4,6756,0.016,18.34,3.34,0.99
2018,4,1,5,10267,0.019,14.6,3.55,0.96
2018,10,2,4,4600,0.043,6.87,5.08,0.99
2025,9,1,6,3654,0.167,14.84,3.98,1.36
2020,11,0,7,11722,0.052,20.31,2.67,1.12
2020,4,1,4,10662,0.071,16.57,2.67,1.12
2022,1,3,7,11512,0.122,20.54,4.57,1.2
2018,9,1,6,3339,0.022,15.16,2.67,0.99
2024,11,1,7,12436,0.171,19.71,5.06,1.26
2025,5,0,1,12027,0.186,19.64,1.86,1.34
2018,7,1,4,5109,0.022,14.62,2.18,0.98
2023,10,1,6,12006,0.13,17.64,2.84,1.31
2020,10,0,5,4033,0.073,19.1,2.25,1.1
2022,10,1,6,2960,0.123,16.78,3.57,1.2
2018,6,3,4,10452,0.002,20.14,5.06,1.05
2020,8,0,6,11137,0.077,17.49,3.65,1.07
2020,3,0,3,13419,0.049,14.38,3.34,1.07
2024,3,1,7,13549,0.178,17.1,3.11,1.29
2025,3,2,2,11197,0.178,5.35,3.2,1.34
2025,6,2,4,9874,0.188,5.31,3.12,1.37
2018,11,3,5,6517,0.017,18.31,3.87,1.01
2020,12,1,5,13404,0.074,14.13,2.66,1.11
2021,3,3,6,4214,0.073,19.64,1.71,1.11
2019,12,0,5,9780,0.053,19.73,2.42,1.08
2020,12,0,2,9619,0.061,15.72,3.21,1.12
2019,9,3,7,8119,0.039,15.59,3.37,1.05
2019,4,1,0,3597,0.029,17.63,3.98,1.04
2020,2,1,4,8425,0.058,16.47,4.66,1.15
2023,9,0,7,8556,0.167,20.95,2.48,1.26
2020,7,3,4,5297,0.065,19.49,3.16,1.1
2024,8,3,6,8836,0.156,19.86,1.72,1.32
2024,6,2,6,13600,0.175,6.87,3.01,1.31
2019,6,1,6,4967,0.04,19.35,5.46,1.04
2022,7,1,4,8602,0.115,20.56,3.52,1.24
2020,1,0,2,4842,0.066,14.05,0.65,1.11
2025,3,3,7,5357,0.19,15.17,2.43,1.34
2023,3,1,1,13697,0.148,19.14,3.22,1.22
2019,12,1,7,3628,0.026,20.35,3.11,1.04
2024,6,0,1,9195,0.172,19.11,2.37,1.31
2022,9,1,7,13045,0.114,15.14,3.99,1.22
2024,5,1,2,3808,0.192,20.51,4.0,1.25
2020,6,1,1,7120,0.072,15.45,3.89,1.09
2023,3,2,4,6098,0.15,5.48,2.75,1.22
2024,4,2,7,3843,0.164,5.81,2.82,1.21
2025,12,0,3,7385,0.201,14.38,2.72,1.33
2020,10,3,1,12063,0.085,18.7,1.86,1.1
2018,8,3,2,4627,0.045,18.34,3.34,0.99
2020,4,1,2,6467,0.065,16.57,2.67,1.12
2021,8,3,1,3540,0.105,15.5,4.5,1.18
2024,8,3,2,8664,0.182,19.86,1.72,1.32
2025,4,1,3,3251,0.193,15.08,3.72,1.36
2019,8,3,3,10883,0.036,18.2,2.98,1.03
2018,11,2,4,10166,0.021,5.09,3.46,0.99
2018,9,3,7,8110,0.028,19.6,1.64,0.94
2024,2,0,6,5795,0.151,19.28,2.13,1.32
2024,2,1,1,11716,0.172,17.19,4.26,1.29
2019,9,0,2,3508,0.061,15.09,2.52,1.07
2025,3,3,4,10898,0.213,15.17,2.43,1.34
2022,9,3,6,6840,0.117,18.12,3.76,1.22
2025,1,1,1,12144,0.206,17.65,2.86,1.35
2024,11,2,4,8633,0.177,5.97,3.51,1.32
2024,6,0,4,4594,0.16,19.11,2.37,1.31
2022,9,3,7,12193,0.117,18.12,3.76,1.22
2019,8,2,0,5842,0.048,6.14,2.63,1.08
2020,9,2,0,8033,0.074,6.87,2.96,1.16
2019,2,2,6,8587,0.04,6.3,2.31,1.06
2019,8,0,1,11482,0.036,20.14,2.55,1.03
2021,5,0,5,7696,0.085,14.36,3.68,1.13
2025,5,3,3,5408,0.204,15.22,2.38,1.33
2020,12,0,7,11579,0.066,15.72,3.21,1.12
2021,2,0,5,4768,0.114,15.64,4.53,1.15
2022,4,3,3,6102,0.102,20.19,4.21,1.15
2020,3,0,5,9066,0.072,14.38,3.34,1.07
2024,10,3,2,4346,0.176,20.6,2.94,1.28
2019,6,1,4,12728,0.05,19.35,5.46,1.04
2022,11,0,6,3384,0.129,19.33,1.18,1.18
2021,4,0,6,4415,0.079,18.74,3.2,1.2
2024,12,1,4,5841,0.159,16.03,4.14,1.26
2018,9,1,2,9889,0.007,15.16,2.67,0.99
2021,6,0,1,4656,0.099,15.58,3.92,1.13
2024,4,0,3,7827,0.186,17.64,3.38,1.31
2022,12,2,0,8685,0.107,5.26,3.7,1.26
2018,12,1,1,11172,0.025,20.78,2.5,0.99
2020,12,1,6,12400,0.08,14.13,2.66,1.11
2018,7,3,0,4977,0.029,16.36,0.99,1.03
2019,8,1,6,5462,0.046,19.19,4.33,1.06
2022,7,0,3,7699,0.111,14.63,2.69,1.18
2022,8,2,6,5674,0.095,5.61,1.77,1.2
2022,2,0,2,5727,0.12,15.26,4.41,1.2
2021,2,3,2,6986,0.11,14.62,3.85,1.14
2021,2,3,7,12019,0.1,14.62,3.85,1.14
2022,10,3,7,6689,0.125,17.5,3.42,1.18
2022,2,3,4,4945,0.122,18.07,3.17,1.17
2018,2,2,1,7632,0.029,6.87,2.08,1.05
2024,11,1,6,7580,0.168,19.71,5.06,1.26
2020,2,0,4,9651,0.068,17.19,3.54,1.11
2023,11,1,7,9890,0.139,16.04,2.4,1.23
2019,6,3,1,7909,0.033,16.57,1.63,1.04
2023,6,3,3,8961,0.149,19.96,4.9,1.25
2018,8,1,6,7569,0.036,18.77,2.4,1.02
2024,9,0,3,14479,0.171,19.75,2.4,1.31
2022,9,3,2,8458,0.119,18.12,3.76,1.22
2025,12,3,3,4412,0.173,18.91,2.54,1.36
2019,5,2,3,5516,0.038,6.86,2.62,1.06
2021,5,2,6,2841,0.097,5.34,1.97,1.15
2025,2,1,5,10584,0.174,15.93,1.14,1.38
2025,6,3,0,4847,0.213,14.87,2.81,1.41
2020,11,0,5,9568,0.06,20.31,2.67,1.12
2020,8,1,2,9637,0.067,20.63,4.02,1.11
2023,8,3,2,4303,0.134,15.72,4.09,1.23
2019,11,1,4,3559,0.056,14.48,2.4,1.01
2019,2,0,0,2745,0.032,17.04,3.57,1.06
2018,3,1,6,7135,0.016,19.96,3.92,0.99
2021,2,0,4,9133,0.1,15.64,4.53,1.15
2025,8,1,1,7072,0.184,14.33,4.0,1.29
2019,9,1,2,5114,0.049,14.35,3.91,1.09
2022,8,3,3,11925,0.138,17.21,4.14,1.27
2024,4,2,6,7307,0.175,5.81,2.82,1.21
2023,2,1,5,8297,0.14,14.93,4.6,1.24
2021,4,1,2,6799,0.085,17.76,3.21,1.2
2024,11,3,5,4359,0.168,19.47,2.66,1.28
2020,12,0,6,10813,0.06,15.72,3.21,1.12
2025,6,3,3,10065,0.201,14.87,2.81,1.41
2019,8,0,5,8210,0.041,20.14,2.55,1.03
2020,7,1,6,9824,0.067,18.93,1.48,1.09
2021,4,3,6,11941,0.081,16.27,4.0,1.18
2025,4,0,1,11660,0.207,20.04,1.48,1.37
2025,12,2,5,12785,0.203,5.89,2.37,1.41
2022,2,3,2,10369,0.138,18.07,3.17,1.17
2020,8,2,1,8295,0.083,6.75,2.58,1.14
2024,9,3,4,9645,0.176,19.79,4.01,1.32
2025,7,2,5,10435,0.18,5.16,1.45,1.37
2021,11,1,4,2657,0.105,20.04,1.41,1.19
2018,9,3,2,2809,0.007,19.6,1.64,0.94
2025,1,3,2,12480,0.204,20.78,2.87,1.31
2025,6,0,7,9657,0.195,16.87,2.17,1.31
2022,2,3,7,8536,0.137,18.07,3.17,1.17
2020,8,3,4,4524,0.069,18.25,4.71,1.09
2021,3,0,2,13631,0.099,15.56,3.99,1.16
2022,7,0,4,3637,0.101,14.63,2.69,1.18
2019,6,0,1,12630,0.059,14.41,2.79,1.09
2020,3,1,3,4767,0.072,15.31,4.48,1.09
2019,9,3,1,8071,0.047,15.59,3.37,1.05
2019,7,3,5,9326,0.052,14.31,1.93,1.06
2025,5,3,0,13015,0.19,15.22,2.38,1.33
2020,2,1,3,4491,0.069,16.47,4.66,1.15
2023,9,0,6,9078,0.139,20.95,2.48,1.26
2025,12,3,1,13364,0.202,18.91,2.54,1.36
2022,1,3,5,11508,0.133,20.54,4.57,1.2
2025,4,1,1,7701,0.193,15.08,3.72,1.36
2019,2,2,0,10488,0.053,6.3,2.31,1.06
2019,4,2,5,3412,0.051,6.62,3.44,1.08
2018,3,0,5,11201,0.02,15.71,1.63,0.98
2023,3,3,6,7062,0.156,16.61,1.95,1.23
2021,1,3,7,8935,0.102,18.71,2.47,1.16
2019,9,0,1,3592,0.054,15.09,2.52,1.07
2019,5,0,3,3093,0.051,16.27,3.46,1.11
2023,8,0,2,3593,0.14,19.07,1.27,1.25
2021,2,2,0,9117,0.091,6.73,2.8,1.19
2022,2,0,1,9668,0.128,15.26,4.41,1.2
2019,9,0,7,9603,0.039,15.09,2.52,1.07
2023,8,1,0,12914,0.141,17.4,2.78,1.22
2023,2,1,6,10526,0.148,14.93,4.6,1.24
2023,12,0,3,14304,0.145,17.54,3.6,1.2
2020,7,3,0,4972,0.058,19.49,3.16,1.1
2022,7,0,7,6269,0.126,14.63,2.69,1.18
2019,8,3,7,3701,0.032,18.2,2.98,1.03
2024,2,0,4,13308,0.171,19.28,2.13,1.32
2022,2,2,1,8617,0.119,6.49,1.47,1.19
2022,8,1,4,5191,0.124,19.89,2.18,1.22
2019,4,1,3,7774,0.054,17.63,3.98,1.04
2023,4,0,6,4542,0.154,19.18,3.1,1.22
2022,12,1,4,11862,0.128,14.24,1.31,1.22
2024,11,1,3,7743,0.187,19.71,5.06,1.26
2024,7,3,3,4328,0.175,19.71,2.85,1.27
2019,2,3,7,3938,0.043,18.18,4.57,1.0
2025,4,2,1,8214,0.192,5.67,3.39,1.31
2020,7,0,1,7144,0.073,16.19,2.22,1.1
2025,4,0,3,8905,0.201,20.04,1.48,1.37
2023,1,1,7,9110,0.132,20.81,2.82,1.19
2023,10,1,3,12914,0.153,17.64,2.84,1.31
2020,3,2,0,5546,0.048,6.54,2.49,1.1
2023,11,0,0,2997,0.159,14.35,2.92,1.23
2018,6,1,7,7067,0.023,17.17,1.67,0.98
2018,2,2,4,4321,0.025,6.87,2.08,1.05
2019,8,1,4,4558,0.059,19.19,4.33,1.06
2019,5,3,3,5171,0.038,18.7,2.25,1.07
2022,9,0,0,3354,0.114,20.79,4.17,1.19
2018,2,3,1,2562,0.034,15.66,4.14,1.02
2022,1,2,5,10933,0.144,5.55,2.5,1.2
2024,8,1,3,7376,0.166,15.31,3.43,1.33
2020,3,2,3,7454,0.067,6.54,2.49,1.1
2024,1,2,1,8752,0.198,6.0,1.27,1.34
2018,2,3,0,10885,0.019,15.66,4.14,1.02
2019,11,0,2,4170,0.042,14.29,2.81,1.02
2024,6,0,5,6195,0.179,19.11,2.37,1.31
2025,7,3,4,13167,0.184,16.79,1.29,1.36
2023,12,2,2,9037,0.155,5.57,3.67,1.33
2022,5,0,6,5229,0.107,17.96,2.59,1.24
2022,1,0,1,9129,0.119,17.07,2.38,1.16
2024,1,2,7,6434,0.169,6.0,1.27,1.34
2021,7,3,3,4823,0.105,19.11,3.0,1.18
2021,7,0,2,5844,0.085,15.24,2.37,1.14
2022,10,3,5,8997,0.122,17.5,3.42,1.18
2023,3,2,3,14757,0.136,5.48,2.75,1.22
2023,4,2,3,13102,0.142,6.9,2.68,1.22
2024,4,1,5,13423,0.187,16.13,3.25,1.23
2025,1,1,7,10747,0.195,17.65,2.86,1.35
2022,9,2,7,10207,0.128,6.95,3.43,1.18
2018,10,0,1,3610,0.027,19.19,5.28,0.92
2022,11,3,1,9802,0.114,18.17,1.93,1.25
2021,4,3,0,3425,0.1,16.27,4.0,1.18
2020,6,2,7,9949,0.073,5.69,2.46,1.12
2022,8,1,5,12107,0.113,19.89,2.18,1.22
2023,7,1,6,4611,0.142,17.3,3.74,1.29
2018,11,2,6,7532,0.013,5.09,3.46,0.99
2024,8,1,1,2975,0.174,15.31,3.43,1.33
2019,9,1,4,10613,0.039,14.35,3.91,1.09
2020,11,2,5,5955,0.081,6.43,4.12,1.12
2021,10,0,2,7082,0.11,17.04,3.51,1.2
2023,4,1,0,11080,0.147,16.81,1.94,1.25
2022,6,2,7,13081,0.112,5.57,3.24,1.17
2022,11,3,7,9886,0.121,18.17,1.93,1.25
2025,9,2,0,13485,0.174,6.64,3.4,1.35
2020,11,2,1,5766,0.063,6.43,4.12,1.12
2025,6,0,4,13702,0.201,16.87,2.17,1.31
2024,11,1,4,6014,0.17,19.71,5.06,1.26
2022,3,3,5,6702,0.126,15.92,4.37,1.17
2020,1,3,3,8905,0.069,14.91,2.96,1.06
2025,3,1,2,11482,0.183,19.51,4.25,1.38
2018,5,0,5,11313,0.032,18.94,3.32,1.05
2020,1,3,5,12076,0.058,14.91,2.96,1.06
2023,10,3,3,8108,0.132,20.71,3.31,1.21
2023,6,1,4,8268,0.129,19.42,3.7,1.24
2019,11,0,3,7724,0.054,14.29,2.81,1.02
2022,2,2,5,12059,0.132,6.49,1.47,1.19
2022,3,3,2,5465,0.111,15.92,4.37,1.17
2025,12,0,2,5926,0.19,14.38,2.72,1.33
2023,7,1,0,12795,0.141,17.3,3.74,1.29
2019,8,0,3,3437,0.028,20.14,2.55,1.03
2019,1,3,7,10623,0.055,17.37,4.25,1.06
2021,3,0,6,5913,0.114,15.56,3.99,1.16
2023,12,3,6,15062,0.149,15.08,3.0,1.23
2023,2,2,2,6569,0.142,6.42,2.26,1.27
2021,2,3,5,8489,0.093,14.62,3.85,1.14
2024,7,3,5,3012,0.185,19.71,2.85,1.27
2019,4,3,1,8595,0.041,19.64,2.98,1.07
2018,11,3,7,3481,0.028,18.31,3.87,1.01
2023,1,3,0,12347,0.125,20.67,2.54,1.27
2024,1,3,4,11073,0.165,18.9,4.77,1.26
2020,1,0,7,10167,0.069,14.05,0.65,1.11
2022,1,1,2,6669,0.122,19.71,3.87,1.23
2018,10,0,2,2698,0.025,19.19,5.28,0.92
2022,7,3,4,9739,0.134,20.77,0.1,1.22
2019,9,2,0,9374,0.048,5.66,2.29,1.03
2022,6,3,5,10765,0.131,19.36,3.11,1.21
2022,1,1,1,4913,0.135,19.71,3.87,1.23
2021,12,1,7,4665,0.085,19.94,2.8,1.2
2025,7,0,7,5721,0.193,14.86,1.84,1.36
2018,3,3,5,4604,0.021,15.88,2.05,0.98
2025,6,0,2,10384,0.188,16.87,2.17,1.31
2020,6,0,6,5236,0.084,19.12,2.41,1.07
2020,7,1,1,4773,0.088,18.93,1.48,1.09
2020,3,0,1,10321,0.079,14.38,3.34,1.07
2021,8,2,6,8606,0.104,5.39,1.61,1.12
2025,11,0,7,12970,0.183,16.45,1.71,1.33
2024,10,3,7,5952,0.165,20.6,2.94,1.28
2021,6,2,5,10040,0.093,6.05,2.0,1.18
2018,10,1,3,3713,0.017,16.95,3.33,0.96
2022,11,2,7,12101,0.133,5.76,3.81,1.18
2021,1,2,4,4294,0.114,5.31,4.59,1.14
2019,7,2,5,6119,0.053,5.11,1.71,1.06
2023,6,0,4,5645,0.145,14.15,1.27,1.26
2020,5,3,5,11752,0.069,16.82,2.16,1.08
2021,6,1,1,11103,0.084,17.3,1.33,1.15
2022,6,2,4,8417,0.099,5.57,3.24,1.17
2020,11,0,4,4001,0.062,20.31,2.67,1.12
2020,11,1,0,10530,0.068,18.58,1.24,1.09
2023,8,1,2,3910,0.152,17.4,2.78,1.22
2024,6,2,7,11178,0.162,6.87,3.01,1.31
2020,2,3,6,6290,0.075,18.43,3.08,1.13
2024,7,2,2,10581,0.172,6.79,4.09,1.28
2020,8,0,0,4348,0.061,17.49,3.65,1.07
2024,11,3,7,4198,0.165,19.47,2.66,1.28
2018,1,3,3,7017,0.007,20.49,0.82,0.97
2022,11,3,0,11715,0.121,18.17,1.93,1.25
2025,7,1,7,7354,0.206,16.37,2.09,1.34
2022,7,1,1,7318,0.126,20.56,3.52,1.24
2021,6,0,3,13482,0.103,15.58,3.92,1.13
2022,3,2,0,14244,0.108,5.96,3.58,1.22
2021,12,1,6,11914,0.098,19.94,2.8,1.2
2022,6,3,0,8185,0.119,19.36,3.11,1.21
2022,1,2,7,6091,0.126,5.55,2.5,1.2
2023,5,3,6,8848,0.129,15.8,5.17,1.27
2021,9,2,5,8612,0.093,6.93,3.05,1.16
2023,3,3,3,12157,0.14,16.61,1.95,1.23
2018,12,0,0,7119,0.02,15.82,1.25,0.96
2024,10,2,5,9458,0.168,6.37,4.57,1.28
2024,12,2,1,12345,0.17,5.96,4.65,1.35
2022,11,1,6,4295,0.128,14.38,2.28,1.18
2021,6,0,4,12230,0.082,15.58,3.92,1.13
2023,7,0,5,10728,0.162,19.21,1.85,1.27
2018,11,2,0,6644,0.036,5.09,3.46,0.99
2020,7,2,3,4046,0.069,5.41,1.5,1.08
2025,9,0,6,10345,0.188,20.9,5.43,1.33
2025,11,2,6,7194,0.202,5.16,2.75,1.36
2021,8,3,7,6339,0.107,15.5,4.5,1.18
2023,7,3,7,12766,0.139,15.89,3.46,1.26
2020,12,2,2,5425,0.077,5.31,3.85,1.15
2022,5,1,1,11646,0.137,15.41,2.6,1.18
2018,3,3,6,3612,0.009,15.88,2.05,0.98
2023,7,1,4,3402,0.137,17.3,3.74,1.29
2019,9,2,5,5226,0.044,5.66,2.29,1.03
2020,8,3,7,9429,0.072,18.25,4.71,1.09
2018,5,1,0,5143,0.033,19.26,2.78,1.03
2023,2,3,5,7447,0.15,20.36,3.4,1.26
2022,1,3,6,10047,0.118,20.54,4.57,1.2
2020,4,2,4,5141,0.061,5.29,3.39,1.14
2022,12,2,5,9114,0.111,5.26,3.7,1.26
2018,10,3,4,3691,0.01,18.66,4.62,1.05
2018,12,2,2,7775,0.038,6.08,3.75,0.96
2024,9,2,4,5084,0.177,5.82,2.76,1.32
2024,7,0,4,9389,0.159,14.77,1.79,1.29
2019,2,0,3,11199,0.04,17.04,3.57,1.06
2019,4,0,7,6021,0.054,18.32,2.53,1.04
2023,11,3,5,12289,0.164,20.69,4.18,1.28
2024,6,2,3,11471,0.172,6.87,3.01,1.31
2023,11,0,4,7800,0.146,14.35,2.92,1.23
2021,6,0,7,10377,0.091,15.58,3.92,1.13
2021,7,2,6,10982,0.102,5.1,2.25,1.15
2018,9,3,4,8505,-0.007,19.6,1.64,0.94
2019,4,0,1,9600,0.034,18.32,2.53,1.04
2023,4,2,5,4178,0.135,6.9,2.68,1.22
2019,10,3,3,4896,0.044,19.73,3.34,1.04
2024,7,2,7,7684,0.177,6.79,4.09,1.28
2021,3,1,0,6201,0.095,14.82,1.79,1.14
2025,7,3,7,9630,0.192,16.79,1.29,1.36
2023,11,3,4,8619,0.133,20.69,4.18,1.28
2023,7,3,4,9565,0.139,15.89,3.46,1.26
2020,10,1,3,6553,0.069,14.89,2.73,1.11
2018,4,3,7,9976,0.025,14.11,2.68,1.02
2020,9,1,0,3196,0.071,20.6,4.49,1.1
2021,9,1,3,4763,0.099,19.74,2.39,1.15
2018,9,2,1,10689,0.019,5.51,4.22,0.93
2025,10,3,4,11843,0.178,19.89,2.76,1.35
2024,3,2,0,6705,0.167,5.56,3.16,1.34
2020,7,0,0,11143,0.082,16.19,2.22,1.1
2021,3,1,5,8321,0.103,14.82,1.79,1.14
2021,4,1,4,3372,0.08,17.76,3.21,1.2
2023,7,0,7,9045,0.124,19.21,1.85,1.27
2023,4,2,6,12060,0.124,6.9,2.68,1.22
2018,10,3,0,10588,0.032,18.66,4.62,1.05
2023,9,1,3,3463,0.13,20.22,3.93,1.26
2021,10,3,7,9874,0.091,17.59,1.7,1.14
2022,3,1,3,6422,0.113,14.44,2.63,1.2
2025,7,2,6,9420,0.2,5.16,1.45,1.37
2021,10,1,5,3822,0.073,19.12,2.4,1.18
2019,6,2,2,3479,0.047,6.1,2.01,1.05
2023,7,3,5,12323,0.143,15.89,3.46,1.26
2024,11,0,4,12367,0.173,15.84,2.25,1.29
2025,1,1,0,4927,0.199,17.65,2.86,1.35
2022,10,1,7,6793,0.131,16.78,3.57,1.2
2021,4,1,6,6290,0.09,17.76,3.21,1.2
2020,3,0,4,13502,0.066,14.38,3.34,1.07
2021,8,1,6,5054,0.094,16.32,3.77,1.18
2018,9,0,6,6821,0.024,20.39,2.56,1.0
2019,8,3,6,3443,0.043,18.2,2.98,1.03
2020,9,0,1,3015,0.08,20.13,3.71,1.1
2018,9,2,7,9515,0.034,5.51,4.22,0.93
2025,1,2,3,4327,0.184,5.23,3.52,1.39
2018,10,0,5,9006,0.004,19.19,5.28,0.92
2023,12,2,7,14990,0.143,5.57,3.67,1.33
2023,8,3,3,5693,0.151,15.72,4.09,1.23
2021,8,0,2,4182,0.085,20.9,2.86,1.18
2018,3,1,1,6007,0.013,19.96,3.92,0.99
2023,12,1,3,10944,0.143,14.11,1.85,1.27
2020,4,2,3,11260,0.082,5.29,3.39,1.14
2023,9,0,5,5827,0.146,20.95,2.48,1.26
2022,11,1,7,10529,0.118,14.38,2.28,1.18
2022,10,1,1,7413,0.121,16.78,3.57,1.2
2021,9,2,6,7205,0.091,6.93,3.05,1.16
2018,8,1,7,10985,0.028,18.77,2.4,1.02
2019,4,3,2,9106,0.038,19.64,2.98,1.07
2021,5,1,4,4720,0.096,18.88,1.9,1.13
2021,9,3,6,4606,0.09,18.52,3.18,1.11
2023,10,3,4,6005,0.142,20.71,3.31,1.21
2021,5,3,7,4513,0.091,15.82,3.53,1.12
2020,8,0,5,6684,0.057,17.49,3.65,1.07
2020,3,1,5,13645,0.059,15.31,4.48,1.09
2022,3,2,5,8909,0.131,5.96,3.58,1.22
2018,12,3,7,8627,0.018,18.76,3.5,1.03
2022,3,0,3,13267,0.101,17.85,3.96,1.21
2023,8,3,4,3764,0.141,15.72,4.09,1.23
2022,11,2,3,3898,0.124,5.76,3.81,1.18
2024,8,0,2,11574,0.174,16.84,0.97,1.26
2023,7,0,4,3383,0.141,19.21,1.85,1.27
2019,12,0,2,7071,0.049,19.73,2.42,1.08
2018,4,1,4,10860,0.0,14.6,3.55,0.96
2022,9,2,1,7698,0.119,6.95,3.43,1.18
2020,4,1,3,6291,0.072,16.57,2.67,1.12
2020,5,0,7,6554,0.065,18.89,2.18,1.14
2021,8,3,2,3935,0.098,15.5,4.5,1.18
2019,5,3,1,7612,0.038,18.7,2.25,1.07
2019,8,2,5,10456,0.048,6.14,2.63,1.08
2018,6,2,1,9645,0.024,5.52,2.99,1.02
2021,4,0,5,5919,0.098,18.74,3.2,1.2
2024,6,1,3,12027,0.182,14.82,3.54,1.31
2020,6,1,4,3591,0.073,15.45,3.89,1.09
2024,10,1,1,4929,0.179,17.19,2.13,1.28
2024,12,3,1,13127,0.158,19.11,4.19,1.26
2021,11,1,5,10389,0.077,20.04,1.41,1.19
2024,5,2,3,2910,0.16,5.82,1.97,1.33
2023,7,0,0,7356,0.148,19.21,1.85,1.27
2019,7,2,2,8590,0.047,5.11,1.71,1.06
2021,9,0,6,3664,0.095,14.56,3.7,1.12
2018,5,3,2,6341,0.024,15.74,4.48,0.97
2021,7,3,0,9659,0.102,19.11,3.0,1.18
2023,9,3,5,8068,0.167,14.79,2.65,1.27
2019,11,2,4,4252,0.042,6.03,3.19,1.08
2024,7,1,2,7192,0.174,14.7,3.9,1.27
2022,5,2,0,12296,0.107,5.46,3.43,1.19
2025,4,0,4,13042,0.196,20.04,1.48,1.37
2018,1,3,2,4706,0.019,20.49,0.82,0.97
2022,7,2,0,12608,0.119,6.64,2.64,1.19
2018,5,2,7,8853,-0.001,5.15,3.84,0.97
2020,3,2,6,11275,0.068,6.54,2.49,1.1
2020,5,1,7,11641,0.072,17.21,1.69,1.11
2021,12,0,0,7276,0.106,16.14,3.31,1.12
2021,3,0,7,11195,0.098,15.56,3.99,1.16
2024,1,1,7,5619,0.167,15.11,3.31,1.28
2019,2,2,5,8047,0.055,6.3,2.31,1.06
2025,10,2,7,7367,0.195,5.09,4.15,1.36
2019,12,3,3,3891,0.044,18.66,2.62,1.07
2020,5,2,4,3657,0.054,5.44,3.01,1.07
2025,12,1,3,15045,0.19,20.15,2.5,1.35
2023,8,0,4,11288,0.129,19.07,1.27,1.25
2018,10,3,2,11344,0.019,18.66,4.62,1.05
2019,6,1,5,9377,0.052,19.35,5.46,1.04
2025,12,1,0,10588,0.192,20.15,2.5,1.35
2022,1,1,3,2814,0.122,19.71,3.87,1.23
2018,10,3,3,4921,0.001,18.66,4.62,1.05
2018,9,2,2,7416,0.028,5.51,4.22,0.93
2019,10,3,7,11421,0.054,19.73,3.34,1.04
2018,10,3,5,5097,0.021,18.66,4.62,1.05
2024,3,0,1,13257,0.167,15.87,5.82,1.23
2019,12,0,6,9909,0.033,19.73,2.42,1.08
2025,7,2,3,8586,0.203,5.16,1.45,1.37
2025,4,2,0,5763,0.189,5.67,3.39,1.31
2022,3,1,1,10510,0.117,14.44,2.63,1.2
2020,5,0,5,10852,0.081,18.89,2.18,1.14
2023,2,2,4,11938,0.137,6.42,2.26,1.27
2024,5,1,6,3802,0.173,20.51,4.0,1.25
2024,2,1,4,3818,0.17,17.19,4.26,1.29
2024,8,2,3,5705,0.188,6.29,1.84,1.35
2020,7,0,3,9859,0.058,16.19,2.22,1.1
2018,1,0,6,5369,0.009,17.6,2.37,1.02
2020,4,0,1,8376,0.081,17.65,3.72,1.12
2020,2,0,0,7249,0.075,17.19,3.54,1.11
2024,11,3,1,8370,0.159,19.47,2.66,1.28
2019,5,1,3,7437,0.053,17.12,2.38,1.11
2024,6,1,2,11920,0.164,14.82,3.54,1.31
2019,1,2,1,5107,0.045,6.5,3.26,1.06
2021,10,1,3,5899,0.097,19.12,2.4,1.18
2024,1,0,5,8216,0.178,17.3,3.67,1.34
2021,8,0,1,11594,0.115,20.9,2.86,1.18
2021,5,3,4,11472,0.099,15.82,3.53,1.12
2022,5,0,3,6818,0.118,17.96,2.59,1.24
2023,6,3,7,8674,0.142,19.96,4.9,1.25
2018,12,2,7,12769,0.018,6.08,3.75,0.96
2022,4,2,5,6021,0.117,5.5,3.93,1.27
2023,11,1,1,3680,0.157,16.04,2.4,1.23
2023,1,1,2,4813,0.133,20.81,2.82,1.19
2023,6,2,0,3531,0.143,5.82,1.42,1.27
2024,2,2,2,3078,0.167,6.79,4.09,1.35
2019,6,0,0,7194,0.051,14.41,2.79,1.09
2018,7,2,7,5931,0.013,6.45,2.99,1.01
2020,11,0,0,6718,0.073,20.31,2.67,1.12
2024,12,1,6,13617,0.167,16.03,4.14,1.26
2018,1,0,0,3826,0.021,17.6,2.37,1.02
2022,1,3,2,11258,0.108,20.54,4.57,1.2
2018,10,2,5,7847,0.04,6.87,5.08,0.99
2019,2,0,4,2790,0.047,17.04,3.57,1.06
2021,9,1,4,10966,0.106,19.74,2.39,1.15
2018,4,0,1,9028,0.022,15.96,3.95,1.04
2022,3,0,5,5539,0.13,17.85,3.96,1.21
2018,5,0,7,3632,0.013,18.94,3.32,1.05
2018,4,2,1,9659,0.003,5.64,2.51,1.01
2024,4,2,5,4630,0.166,5.81,2.82,1.21
2025,8,3,6,3681,0.196,20.94,0.28,1.37
2021,2,1,6,11829,0.104,15.12,4.2,1.14
2023,3,3,1,8811,0.138,16.61,1.95,1.23
2024,12,1,2,15351,0.184,16.03,4.14,1.26
2021,10,1,7,9496,0.108,19.12,2.4,1.18
2018,4,3,4,8866,0.025,14.11,2.68,1.02
2025,8,2,4,5925,0.199,5.85,3.31,1.36
2022,7,3,3,4258,0.112,20.77,0.1,1.22
2024,12,3,5,10434,0.181,19.11,4.19,1.26
2025,6,3,1,9769,0.181,14.87,2.81,1.41
2025,11,0,3,4437,0.193,16.45,1.71,1.33
2025,1,3,6,8566,0.205,20.78,2.87,1.31
2025,8,2,3,9051,0.197,5.85,3.31,1.36
2019,10,1,0,4942,0.058,20.75,4.31,1.03
2022,2,0,3,3715,0.125,15.26,4.41,1.2
2022,6,2,0,10131,0.126,5.57,3.24,1.17
2019,7,0,2,6343,0.035,17.85,1.92,1.0
2025,12,3,7,13220,0.204,18.91,2.54,1.36
2020,4,2,0,6307,0.079,5.29,3.39,1.14
2022,10,2,1,9255,0.106,5.45,3.49,1.16
2024,7,1,4,6255,0.168,14.7,3.9,1.27
2023,1,2,2,4302,0.136,6.53,3.03,1.31
2018,7,3,6,11030,0.027,16.36,0.99,1.03
2020,1,0,3,3578,0.062,14.05,0.65,1.11
2023,9,0,0,3719,0.139,20.95,2.48,1.26
2020,2,1,0,6172,0.066,16.47,4.66,1.15
2024,8,0,5,4754,0.155,16.84,0.97,1.26
2025,11,3,5,7831,0.201,15.48,2.21,1.39
2022,3,0,0,4680,0.127,17.85,3.96,1.21
2024,2,1,5,3210,0.171,17.19,4.26,1.29
2025,2,1,2,7249,0.19,15.93,1.14,1.38
2025,6,1,7,5252,0.191,18.81,3.25,1.35
2021,6,2,2,13635,0.093,6.05,2.0,1.18
2018,9,3,1,12074,0.014,19.6,1.64,0.94
2018,3,1,2,7760,0.03,19.96,3.92,0.99
2022,11,2,6,3476,0.12,5.76,3.81,1.18
2020,10,2,2,8671,0.077,5.37,4.37,1.05
2019,1,0,3,3220,0.055,16.25,1.15,1.03
2019,7,1,2,6879,0.058,14.27,3.68,1.04
2023,5,3,3,11365,0.147,15.8,5.17,1.27
2023,5,3,2,3158,0.14,15.8,5.17,1.27
2019,4,3,5,2455,0.04,19.64,2.98,1.07
2023,6,1,5,7877,0.137,19.42,3.7,1.24
2025,3,1,4,10886,0.206,19.51,4.25,1.38
2025,12,0,4,9802,0.192,14.38,2.72,1.33
2025,4,3,7,3073,0.18,20.73,4.21,1.37
2022,1,3,0,3228,0.121,20.54,4.57,1.2
2021,4,0,4,11368,0.091,18.74,3.2,1.2
2022,6,1,1,12573,0.124,20.37,3.07,1.12
2023,12,2,0,6736,0.147,5.57,3.67,1.33
2018,7,0,6,9557,0.029,17.58,3.58,1.01
2019,11,2,6,2635,0.021,6.03,3.19,1.08
2023,10,3,5,9855,0.154,20.71,3.31,1.21
2019,5,0,7,6085,0.04,16.27,3.46,1.11
2021,10,0,7,8029,0.098,17.04,3.51,1.2
2020,5,1,3,10460,0.066,17.21,1.69,1.11
2018,12,2,1,8637,0.016,6.08,3.75,0.96
2022,9,2,5,13417,0.118,6.95,3.43,1.18
2025,11,2,2,6315,0.21,5.16,2.75,1.36
2021,12,3,6,3712,0.092,14.85,2.49,1.15
2019,1,1,3,9556,0.033,19.31,2.44,1.06
2018,7,1,7,2427,0.044,14.62,2.18,0.98
2020,9,2,3,8891,0.075,6.87,2.96,1.16
2019,7,0,7,7932,0.045,17.85,1.92,1.0
2019,5,1,2,9684,0.047,17.12,2.38,1.11
2023,5,2,1,11005,0.147,5.28,3.81,1.29
2023,6,0,6,13410,0.145,14.15,1.27,1.26
2019,2,0,6,10856,0.05,17.04,3.57,1.06
2020,10,2,4,9102,0.084,5.37,4.37,1.05
2018,7,0,2,9920,0.02,17.58,3.58,1.01
2019,4,0,4,9087,0.061,18.32,2.53,1.04
2021,9,1,5,10050,0.096,19.74,2.39,1.15
2025,10,1,5,12714,0.199,19.1,4.06,1.38
2020,1,2,0,2878,0.058,6.93,1.74,1.07
2024,8,2,1,4052,0.163,6.29,1.84,1.35
2021,2,1,3,4146,0.096,15.12,4.2,1.14
2021,2,1,1,4458,0.102,15.12,4.2,1.14
2024,6,2,2,14811,0.187,6.87,3.01,1.31
2021,9,0,4,10986,0.116,14.56,3.7,1.12
2023,12,3,5,6684,0.161,15.08,3.0,1.23
2018,3,3,4,7165,0.022,15.88,2.05,0.98
2024,4,2,3,5885,0.153,5.81,2.82,1.21
2025,4,3,3,8883,0.2,20.73,4.21,1.37
2018,1,3,5,7387,0.026,20.49,0.82,0.97
2021,10,3,1,11378,0.091,17.59,1.7,1.14
2025,3,1,5,11579,0.178,19.51,4.25,1.38
2023,4,2,0,4672,0.142,6.9,2.68,1.22
2025,3,1,7,8936,0.193,19.51,4.25,1.38
2023,9,1,6,13311,0.151,20.22,3.93,1.26
2020,7,0,6,8822,0.068,16.19,2.22,1.1
2025,6,0,1,10810,0.206,16.87,2.17,1.31
2020,4,3,4,11285,0.087,19.81,3.52,1.16
2020,11,0,3,8226,0.082,20.31,2.67,1.12
2018,5,2,5,7184,0.011,5.15,3.84,0.97
2024,1,2,6,9269,0.175,6.0,1.27,1.34
2020,4,3,7,2751,0.077,19.81,3.52,1.16
2025,12,2,7,7871,0.196,5.89,2.37,1.41
2022,5,3,1,6560,0.109,20.51,4.02,1.22
2024,8,0,3,11032,0.192,16.84,0.97,1.26
2022,2,0,5,6104,0.122,15.26,4.41,1.2
2024,10,1,5,3836,0.172,17.19,2.13,1.28
2023,1,1,5,2761,0.137,20.81,2.82,1.19
2022,12,3,6,5275,0.135,14.2,4.51,1.22
2025,1,2,1,10470,0.193,5.23,3.52,1.39
2019,3,0,3,10353,0.024,18.8,2.52,0.98
2023,8,2,3,8941,0.137,6.62,1.78,1.29
2018,3,0,7,5175,0.019,15.71,1.63,0.98
2025,10,1,7,3472,0.192,19.1,4.06,1.38
2020,10,1,0,9337,0.068,14.89,2.73,1.11
2020,5,0,3,9542,0.085,18.89,2.18,1.14
2022,10,3,2,2846,0.117,17.5,3.42,1.18
2023,11,2,5,11690,0.157,5.65,2.12,1.29
2025,3,0,1,14619,0.187,18.76,4.46,1.34
2018,12,2,5,10514,0.016,6.08,3.75,0.96
2020,6,3,4,4202,0.101,20.67,3.42,1.14
2022,9,0,6,9636,0.131,20.79,4.17,1.19
2023,9,1,0,7205,0.137,20.22,3.93,1.26
2019,11,0,4,5371,0.04,14.29,2.81,1.02
2023,3,2,2,6106,0.143,5.48,2.75,1.22
2019,10,0,7,6227,0.04,20.77,4.0,1.03
2024,11,1,5,5689,0.149,19.71,5.06,1.26
2021,5,0,6,11882,0.078,14.36,3.68,1.13
2018,10,3,1,9635,0.023,18.66,4.62,1.05
2018,7,3,1,3207,0.039,16.36,0.99,1.03
2024,9,2,1,8816,0.18,5.82,2.76,1.32
2023,12,1,4,13120,0.148,14.11,1.85,1.27
2025,12,1,2,4261,0.191,20.15,2.5,1.35
2022,3,2,3,12058,0.121,5.96,3.58,1.22
2020,4,3,6,9247,0.072,19.81,3.52,1.16
2025,7,2,2,10648,0.193,5.16,1.45,1.37
2020,5,3,6,5301,0.063,16.82,2.16,1.08
2022,12,3,0,10149,0.113,14.2,4.51,1.22
2025,9,1,5,8182,0.192,14.84,3.98,1.36
2018,6,2,2,10204,0.017,5.52,2.99,1.02
2022,10,3,3,6985,0.135,17.5,3.42,1.18
2023,6,0,1,13729,0.141,14.15,1.27,1.26
2021,4,3,1,10563,0.091,16.27,4.0,1.18
2019,4,1,4,11444,0.055,17.63,3.98,1.04
2020,5,3,4,6970,0.076,16.82,2.16,1.08
2024,12,1,7,15533,0.162,16.03,4.14,1.26
2018,9,3,6,11591,0.022,19.6,1.64,0.94
2020,7,2,5,6096,0.057,5.41,1.5,1.08
2022,1,1,0,9896,0.118,19.71,3.87,1.23
2024,6,1,4,11217,0.158,14.82,3.54,1.31
2022,6,3,6,8223,0.104,19.36,3.11,1.21
2019,6,2,4,8315,0.051,6.1,2.01,1.05
2021,9,2,4,8117,0.082,6.93,3.05,1.16
2020,8,1,1,7307,0.06,20.63,4.02,1.11
2021,11,0,4,4250,0.085,19.36,4.0,1.13
2021,11,0,0,9041,0.091,19.36,4.0,1.13
2019,7,0,1,9788,0.044,17.85,1.92,1.0
2025,6,0,3,3822,0.201,16.87,2.17,1.31
2025,12,2,1,5466,0.197,5.89,2.37,1.41
2021,7,1,6,10638,0.104,14.72,3.23,1.17
2020,8,0,2,6710,0.068,17.49,3.65,1.07
2019,10,1,3,7338,0.053,20.75,4.31,1.03
2022,8,2,0,7815,0.126,5.61,1.77,1.2
2020,3,3,2,10019,0.069,17.46,3.27,1.08
2019,2,2,2,9324,0.054,6.3,2.31,1.06
2022,8,1,0,3831,0.117,19.89,2.18,1.22
2025,1,2,4,5487,0.191,5.23,3.52,1.39
2022,6,0,3,4148,0.118,17.29,1.14,1.2
2024,1,0,4,8793,0.165,17.3,3.67,1.34
2025,2,3,5,4894,0.197,14.81,3.66,1.38
2024,5,0,3,5621,0.174,19.85,2.26,1.26
2022,9,3,1,4571,0.123,18.12,3.76,1.22
2025,2,3,0,4489,0.199,14.81,3.66,1.38
2021,3,2,2,5877,0.088,6.31,1.91,1.13
2018,10,1,7,3692,0.03,16.95,3.33,0.96
2019,7,0,5,6639,0.042,17.85,1.92,1.0
2021,5,1,1,7441,0.098,18.88,1.9,1.13
2025,2,2,3,2900,0.197,6.05,3.94,1.39
2023,1,1,3,4037,0.131,20.81,2.82,1.19
2023,10,3,7,3993,0.152,20.71,3.31,1.21
2022,7,0,5,4834,0.134,14.63,2.69,1.18
2024,1,1,6,8525,0.167,15.11,3.31,1.28
2021,9,0,1,9609,0.103,14.56,3.7,1.12
2019,2,0,1,5303,0.057,17.04,3.57,1.06
2019,5,3,7,6757,0.049,18.7,2.25,1.07
2020,9,2,7,7454,0.073,6.87,2.96,1.16
2023,2,0,4,7865,0.141,16.93,2.53,1.29
2025,3,0,3,9351,0.189,18.76,4.46,1.34
2021,12,1,4,4690,0.102,19.94,2.8,1.2
2018,5,1,5,7586,0.031,19.26,2.78,1.03
2023,1,2,1,3624,0.14,6.53,3.03,1.31
2025,8,0,1,4352,0.195,17.62,1.07,1.35
2019,2,1,6,9470,0.047,20.1,4.81,1.06
2025,2,1,4,11854,0.214,15.93,1.14,1.38
2023,6,0,3,5577,0.138,14.15,1.27,1.26
2025,5,1,6,6638,0.204,17.54,3.59,1.31
2021,7,2,0,5340,0.115,5.1,2.25,1.15
2019,6,0,5,12802,0.047,14.41,2.79,1.09
2023,6,2,4,7463,0.137,5.82,1.42,1.27
2022,2,1,1,5389,0.109,19.66,3.28,1.23
2025,2,2,0,6396,0.199,6.05,3.94,1.39
2019,6,2,3,9434,0.041,6.1,2.01,1.05
2018,12,1,0,5759,0.045,20.78,2.5,0.99
2018,3,2,4,3688,0.04,6.73,3.52,1.02
2023,8,2,2,5474,0.136,6.62,1.78,1.29
2024,10,1,4,10935,0.169,17.19,2.13,1.28
2021,1,3,3,5679,0.1,18.71,2.47,1.16
2022,2,1,5,10508,0.125,19.66,3.28,1.23
2021,5,1,6,7218,0.089,18.88,1.9,1.13
2022,9,1,4,6517,0.112,15.14,3.99,1.22
2024,8,1,6,8220,0.179,15.31,3.43,1.33
2022,12,0,1,3943,0.125,15.01,4.44,1.18
2022,7,1,2,5046,0.12,20.56,3.52,1.24
2019,10,2,1,11372,0.049,5.7,4.22,1.1
2024,9,1,2,11732,0.174,16.27,1.27,1.25
2018,11,2,5,4149,0.019,5.09,3.46,0.99
2024,9,1,5,7280,0.165,16.27,1.27,1.25
2024,4,1,4,4006,0.16,16.13,3.25,1.23
2024,10,0,0,4670,0.18,17.49,3.96,1.3
2023,10,0,7,9616,0.146,18.19,1.67,1.18
2020,12,3,1,5726,0.073,20.57,3.34,1.11
2025,5,1,4,9093,0.199,17.54,3.59,1.31
2025,5,0,4,5841,0.189,19.64,1.86,1.34
2025,12,1,5,14561,0.197,20.15,2.5,1.35
2025,11,3,1,10650,0.183,15.48,2.21,1.39
2021,6,2,4,9064,0.087,6.05,2.0,1.18
2024,8,3,7,5647,0.162,19.86,1.72,1.32
2019,3,1,6,7696,0.04,16.5,4.4,1.0
2020,5,3,1,10499,0.073,16.82,2.16,1.08
2021,2,0,2,8666,0.092,15.64,4.53,1.15
2021,4,2,3,3673,0.105,6.51,2.7,1.11
2023,2,0,6,11285,0.156,16.93,2.53,1.29
2018,2,1,6,7945,0.007,15.6,4.48,0.98
2020,7,0,7,5643,0.065,16.19,2.22,1.1
2025,5,3,6,10494,0.191,15.22,2.38,1.33
2020,7,3,2,6346,0.057,19.49,3.16,1.1
2022,12,0,7,9475,0.126,15.01,4.44,1.18
2023,6,2,5,13568,0.151,5.82,1.42,1.27
2021,9,0,3,7032,0.066,14.56,3.7,1.12
2021,5,1,5,4441,0.09,18.88,1.9,1.13
2018,2,1,2,5935,0.008,15.6,4.48,0.98
2021,11,0,7,3513,0.101,19.36,4.0,1.13
2024,6,3,1,11152,0.178,14.51,3.86,1.25
2018,6,0,1,4356,0.022,20.05,2.89,1.0
2021,7,0,4,11204,0.091,15.24,2.37,1.14
2019,12,1,1,6004,0.03,20.35,3.11,1.04
2022,8,0,3,6272,0.109,17.11,2.78,1.23
2025,3,0,6,13936,0.201,18.76,4.46,1.34
2023,3,0,2,7932,0.149,18.47,3.98,1.2
2019,8,2,3,7405,0.052,6.14,2.63,1.08
2025,1,2,0,9421,0.214,5.23,3.52,1.39
2023,4,1,5,5487,0.145,16.81,1.94,1.25
2021,5,0,3,7469,0.088,14.36,3.68,1.13
2021,8,1,5,12186,0.087,16.32,3.77,1.18
2019,7,1,4,11298,0.042,14.27,3.68,1.04
2018,11,0,0,4673,0.015,19.22,4.36,0.99
2023,10,3,6,3090,0.137,20.71,3.31,1.21
2020,4,2,5,7331,0.059,5.29,3.39,1.14
2023,1,2,5,9805,0.15,6.53,3.03,1.31
2020,1,0,5,5956,0.075,14.05,0.65,1.11
2018,5,2,2,2887,0.015,5.15,3.84,0.97
2025,4,2,5,8843,0.184,5.67,3.39,1.31
2022,7,3,0,10314,0.13,20.77,0.1,1.22
2024,3,0,6,7786,0.177,15.87,5.82,1.23
2018,2,2,6,9175,0.025,6.87,2.08,1.05
2020,3,3,1,7120,0.082,17.46,3.27,1.08
2025,9,0,3,11393,0.201,20.9,5.43,1.33
2025,9,3,0,15426,0.198,15.19,2.59,1.35
2024,5,0,2,5489,0.168,19.85,2.26,1.26
2020,9,3,4,6832,0.091,14.74,2.29,1.06
2025,11,1,0,11405,0.196,17.27,4.22,1.4
2022,1,0,0,4972,0.099,17.07,2.38,1.16
2023,4,3,6,9988,0.159,14.68,3.39,1.25
2022,6,0,6,11133,0.119,17.29,1.14,1.2
2020,10,0,7,2768,0.082,19.1,2.25,1.1
2018,2,3,6,8593,0.015,15.66,4.14,1.02
2024,7,1,6,11780,0.163,14.7,3.9,1.27
2018,9,1,3,5728,0.034,15.16,2.67,0.99
2019,4,2,1,2917,0.066,6.62,3.44,1.08
2019,12,3,0,7074,0.023,18.66,2.62,1.07
2023,6,3,1,12033,0.152,19.96,4.9,1.25
2018,7,2,1,8375,0.038,6.45,2.99,1.01
2020,2,2,0,7964,0.074,6.15,5.11,1.12
2022,3,1,7,10531,0.11,14.44,2.63,1.2
2025,12,2,6,4906,0.18,5.89,2.37,1.41
2024,1,2,3,3777,0.167,6.0,1.27,1.34
2021,8,0,6,8911,0.113,20.9,2.86,1.18
2024,9,1,4,8865,0.183,16.27,1.27,1.25
2021,4,3,3,6783,0.11,16.27,4.0,1.18
2025,2,3,1,13530,0.197,14.81,3.66,1.38
2022,9,0,5,10727,0.137,20.79,4.17,1.19
2022,2,2,7,10119,0.122,6.49,1.47,1.19
2022,7,1,3,11649,0.139,20.56,3.52,1.24
2020,1,1,4,3666,0.063,17.8,2.26,1.09
2025,6,3,7,14438,0.202,14.87,2.81,1.41
2024,5,3,6,11778,0.155,16.86,3.26,1.3
2025,2,2,7,3170,0.177,6.05,3.94,1.39
2020,10,2,6,2903,0.069,5.37,4.37,1.05
2022,9,3,5,3555,0.098,18.12,3.76,1.22
2022,3,3,6,7666,0.119,15.92,4.37,1.17
2021,6,0,6,9703,0.098,15.58,3.92,1.13
2023,8,2,5,2844,0.131,6.62,1.78,1.29
2022,4,0,5,11401,0.132,17.2,2.43,1.18
2022,9,0,2,7371,0.133,20.79,4.17,1.19
2022,7,0,1,8403,0.134,14.63,2.69,1.18
2023,2,2,5,12930,0.148,6.42,2.26,1.27
2022,8,0,4,3036,0.125,17.11,2.78,1.23
2024,4,0,6,11028,0.175,17.64,3.38,1.31
2022,9,3,0,4403,0.132,18.12,3.76,1.22
2021,1,0,4,3333,0.09,17.87,1.77,1.17
2020,7,1,4,4385,0.07,18.93,1.48,1.09
2025,9,2,3,8276,0.19,6.64,3.4,1.35
2023,12,2,1,5425,0.15,5.57,3.67,1.33
2019,1,0,7,3473,0.05,16.25,1.15,1.03
2019,7,0,0,7768,0.037,17.85,1.92,1.0
2020,6,3,5,11497,0.081,20.67,3.42,1.14
2019,11,1,0,3373,0.05,14.48,2.4,1.01
2019,2,0,2,11707,0.055,17.04,3.57,1.06
2018,10,1,5,3590,-0.001,16.95,3.33,0.96
2018,5,3,1,8663,0.017,15.74,4.48,0.97
2018,11,1,4,10016,0.03,15.3,2.93,1.02
2023,8,3,1,11426,0.157,15.72,4.09,1.23
2021,1,0,6,12344,0.104,17.87,1.77,1.17
2021,10,0,5,7780,0.084,17.04,3.51,1.2
2018,1,1,3,3105,0.022,19.12,3.5,1.0
2019,7,1,0,10394,0.051,14.27,3.68,1.04
2024,2,3,6,11322,0.18,17.39,2.55,1.26
2018,11,3,4,11356,0.013,18.31,3.87,1.01
2022,11,3,6,12361,0.118,18.17,1.93,1.25
2022,5,0,4,2764,0.128,17.96,2.59,1.24
2020,5,2,6,11645,0.065,5.44,3.01,1.07
2018,9,0,1,6679,0.007,20.39,2.56,1.0
2018,12,2,0,3857,0.023,6.08,3.75,0.96
2023,2,0,3,12152,0.123,16.93,2.53,1.29
2021,10,3,2,8920,0.089,17.59,1.7,1.14
2018,9,0,2,4684,0.022,20.39,2.56,1.0
2019,10,2,0,9276,0.049,5.7,4.22,1.1
2025,12,1,6,4806,0.211,20.15,2.5,1.35
2018,8,3,5,4146,0.03,18.34,3.34,0.99
2025,7,1,1,4377,0.173,16.37,2.09,1.34
2019,3,2,5,9168,0.056,6.8,2.89,1.07
2022,8,2,3,6283,0.13,5.61,1.77,1.2
2025,1,2,5,5836,0.204,5.23,3.52,1.39
2023,1,2,4,5372,0.132,6.53,3.03,1.31
2022,8,1,2,6444,0.113,19.89,2.18,1.22
2024,10,1,2,10297,0.176,17.19,2.13,1.28
2025,6,1,4,3710,0.192,18.81,3.25,1.35
2025,11,0,2,7041,0.18,16.45,1.71,1.33
2023,4,0,1,3596,0.149,19.18,3.1,1.22
2023,8,3,5,4734,0.173,15.72,4.09,1.23
2018,8,2,3,10501,0.023,6.43,4.33,1.06
2019,1,2,6,2533,0.042,6.5,3.26,1.06
2019,6,1,1,5697,0.042,19.35,5.46,1.04
2021,2,0,1,11353,0.097,15.64,4.53,1.15
2019,12,1,3,12273,0.03,20.35,3.11,1.04
2018,10,3,7,7519,0.028,18.66,4.62,1.05
2022,8,3,5,10901,0.1,17.21,4.14,1.27
2020,4,2,6,4477,0.068,5.29,3.39,1.14
2020,12,0,4,6794,0.062,15.72,3.21,1.12
2021,10,0,1,7780,0.084,17.04,3.51,1.2
2025,9,2,2,14507,0.191,6.64,3.4,1.35
2018,1,0,2,6025,0.031,17.6,2.37,1.02
2023,5,1,4,2801,0.142,16.22,4.76,1.25
2019,11,3,1,5575,0.032,14.34,4.05,1.02
2021,9,0,5,13226,0.093,14.56,3.7,1.12
2025,1,0,3,6299,0.194,15.2,2.3,1.34
2020,7,3,6,3038,0.07,19.49,3.16,1.1
2023,2,3,6,5844,0.126,20.36,3.4,1.26
2022,1,1,4,11430,0.104,19.71,3.87,1.23
2024,10,1,0,11115,0.18,17.19,2.13,1.28
2022,1,0,7,11285,0.137,17.07,2.38,1.16
2024,6,3,0,8719,0.178,14.51,3.86,1.25
2018,12,0,4,5769,0.03,15.82,1.25,0.96
2020,7,3,7,4519,0.073,19.49,3.16,1.1
2018,6,3,7,8089,0.039,20.14,5.06,1.05
2020,7,2,1,6663,0.091,5.41,1.5,1.08
2023,11,3,3,5627,0.159,20.69,4.18,1.28
2021,2,0,3,3677,0.098,15.64,4.53,1.15
2022,11,0,0,3861,0.127,19.33,1.18,1.18
2022,8,1,7,9834,0.113,19.89,2.18,1.22
2020,12,1,1,11530,0.049,14.13,2.66,1.11
2018,6,2,4,9611,0.04,5.52,2.99,1.02
2019,8,0,4,4425,0.06,20.14,2.55,1.03
2022,6,1,7,11520,0.118,20.37,3.07,1.12
2021,1,3,2,7637,0.097,18.71,2.47,1.16
2021,1,2,7,9445,0.098,5.31,4.59,1.14
2024,5,0,1,7488,0.17,19.85,2.26,1.26
2023,11,0,7,11726,0.143,14.35,2.92,1.23
2019,8,1,7,3460,0.053,19.19,4.33,1.06
2021,12,0,1,7388,0.11,16.14,3.31,1.12
2021,10,2,3,7327,0.087,6.19,3.94,1.16
2019,1,3,1,9392,0.042,17.37,4.25,1.06
2020,8,1,3,11329,0.056,20.63,4.02,1.11
2020,6,1,7,9263,0.063,15.45,3.89,1.09
2018,12,3,4,7147,0.012,18.76,3.5,1.03
2023,4,0,0,12924,0.134,19.18,3.1,1.22
2023,10,0,4,10728,0.13,18.19,1.67,1.18
2019,7,3,1,8264,0.047,14.31,1.93,1.06
2023,3,2,5,9410,0.137,5.48,2.75,1.22
2019,11,3,7,4446,0.04,14.34,4.05,1.02
2020,2,2,3,10395,0.058,6.15,5.11,1.12
2022,8,1,6,6074,0.112,19.89,2.18,1.22
2019,10,0,2,9088,0.051,20.77,4.0,1.03
2023,11,2,6,8073,0.13,5.65,2.12,1.29
2018,5,0,0,6978,0.024,18.94,3.32,1.05
2024,7,0,5,7998,0.158,14.77,1.79,1.29
2019,8,3,5,3590,0.039,18.2,2.98,1.03
2018,11,0,7,10193,0.024,19.22,4.36,0.99
2019,1,1,7,3413,0.044,19.31,2.44,1.06
2024,2,2,7,2852,0.185,6.79,4.09,1.35
2020,11,3,6,9403,0.08,16.16,3.24,1.11
2022,10,1,2,12602,0.112,16.78,3.57,1.2
2025,3,0,5,15448,0.205,18.76,4.46,1.34
2019,11,1,7,9003,0.056,14.48,2.4,1.01
2020,9,0,2,8461,0.079,20.13,3.71,1.1
2024,2,2,0,4688,0.147,6.79,4.09,1.35
2023,1,2,6,13022,0.16,6.53,3.03,1.31
2024,12,1,3,4787,0.185,16.03,4.14,1.26
2022,1,2,1,3242,0.124,5.55,2.5,1.2
2025,5,1,2,6396,0.19,17.54,3.59,1.31
2022,2,2,3,3496,0.135,6.49,1.47,1.19
2025,8,1,5,6570,0.193,14.33,4.0,1.29
2024,9,3,7,12499,0.168,19.79,4.01,1.32
2020,11,2,0,11811,0.069,6.43,4.12,1.12
2019,3,3,1,3949,0.056,15.71,2.9,1.05
2022,1,2,0,6828,0.119,5.55,2.5,1.2
2021,3,1,2,13250,0.088,14.82,1.79,1.14
2023,5,1,6,11551,0.151,16.22,4.76,1.25
2025,11,2,7,7774,0.195,5.16,2.75,1.36
2024,4,1,6,13107,0.172,16.13,3.25,1.23
2021,12,1,5,10366,0.089,19.94,2.8,1.2
2020,11,3,0,6383,0.081,16.16,3.24,1.11
2019,9,3,5,6386,0.061,15.59,3.37,1.05
2018,11,3,3,9220,0.046,18.31,3.87,1.01
2018,7,3,2,8042,0.019,16.36,0.99,1.03
2022,3,0,2,11088,0.129,17.85,3.96,1.21
2023,4,1,3,8805,0.139,16.81,1.94,1.25
2024,9,3,0,3513,0.18,19.79,4.01,1.32
2025,6,2,0,11907,0.182,5.31,3.12,1.37
2022,2,2,0,12628,0.123,6.49,1.47,1.19
2025,2,2,2,11645,0.188,6.05,3.94,1.39
2022,8,0,2,5259,0.129,17.11,2.78,1.23
2024,9,2,0,3629,0.179,5.82,2.76,1.32
2020,2,3,0,2795,0.081,18.43,3.08,1.13
2020,10,0,4,3192,0.073,19.1,2.25,1.1
2023,6,1,0,14032,0.138,19.42,3.7,1.24
2018,9,3,3,10654,0.034,19.6,1.64,0.94
2025,2,1,3,5664,0.173,15.93,1.14,1.38
2020,4,1,1,10555,0.076,16.57,2.67,1.12
2018,4,1,6,11118,0.012,14.6,3.55,0.96
2021,11,2,6,6697,0.091,5.49,1.86,1.17
2023,9,2,4,5907,0.159,5.51,1.89,1.28
2018,6,0,4,10719,0.028,20.05,2.89,1.0
2018,4,0,4,9265,0.007,15.96,3.95,1.04
2023,2,0,1,8914,0.127,16.93,2.53,1.29
2021,12,3,1,8315,0.094,14.85,2.49,1.15
2025,12,3,4,12629,0.187,18.91,2.54,1.36
2023,11,3,0,10829,0.15,20.69,4.18,1.28
2025,5,2,0,12349,0.186,5.29,2.31,1.38
2022,11,1,4,11206,0.132,14.38,2.28,1.18
2023,6,0,5,4384,0.17,14.15,1.27,1.26
2023,5,0,2,8733,0.144,20.3,4.47,1.24
2024,1,1,4,9933,0.171,15.11,3.31,1.28
2024,3,2,6,15418,0.171,5.56,3.16,1.34
2024,11,0,7,9183,0.157,15.84,2.25,1.29
2023,5,2,6,11548,0.148,5.28,3.81,1.29
2018,10,1,2,6964,0.02,16.95,3.33,0.96
2019,11,0,0,9294,0.049,14.29,2.81,1.02
2018,3,0,0,6529,0.029,15.71,1.63,0.98
2021,12,3,5,13944,0.078,14.85,2.49,1.15
2024,8,3,5,10677,0.157,19.86,1.72,1.32
2024,11,1,0,3173,0.165,19.71,5.06,1.26
2025,9,0,1,12140,0.198,20.9,5.43,1.33
2019,4,1,1,10503,0.047,17.63,3.98,1.04
2023,12,1,0,8394,0.136,14.11,1.85,1.27
2021,12,2,3,11515,0.103,6.72,2.2,1.23
2024,10,2,0,4046,0.174,6.37,4.57,1.28
2021,12,0,3,8749,0.094,16.14,3.31,1.12
2025,11,3,7,13674,0.18,15.48,2.21,1.39
2022,8,1,3,5065,0.112,19.89,2.18,1.22
2021,11,3,3,7879,0.092,19.36,2.37,1.18
2021,1,3,4,2936,0.107,18.71,2.47,1.16
2024,7,0,7,12185,0.193,14.77,1.79,1.29
2023,1,1,6,4942,0.135,20.81,2.82,1.19
2024,10,0,4,10916,0.176,17.49,3.96,1.3
2023,12,1,1,6717,0.139,14.11,1.85,1.27
2023,11,2,7,4531,0.159,5.65,2.12,1.29
2024,1,2,0,12782,0.164,6.0,1.27,1.34
2019,1,3,6,3805,0.033,17.37,4.25,1.06
2019,12,3,6,4919,0.057,18.66,2.62,1.07
2023,5,0,1,6343,0.132,20.3,4.47,1.24
2023,10,2,7,9038,0.144,6.02,5.12,1.24
2023,2,2,3,12908,0.152,6.42,2.26,1.27
2018,4,1,1,8992,0.007,14.6,3.55,0.96
2021,6,3,6,12379,0.074,17.38,3.43,1.16
2024,5,0,7,5462,0.154,19.85,2.26,1.26
2019,12,1,2,10056,0.046,20.35,3.11,1.04
2020,2,1,7,4988,0.072,16.47,4.66,1.15
2025,5,3,5,4735,0.183,15.22,2.38,1.33
2025,6,2,6,4502,0.192,5.31,3.12,1.37
2024,9,1,0,5973,0.169,16.27,1.27,1.25
2021,12,2,2,6283,0.09,6.72,2.2,1.23
2025,11,1,7,12399,0.195,17.27,4.22,1.4
2023,11,1,3,2832,0.148,16.04,2.4,1.23
2024,4,1,0,12042,0.151,16.13,3.25,1.23
2018,5,3,5,3829,0.027,15.74,4.48,0.97
2022,11,0,5,10406,0.11,19.33,1.18,1.18
2023,6,3,2,9214,0.14,19.96,4.9,1.25
2023,3,3,5,5111,0.171,16.61,1.95,1.23
2021,6,1,4,10854,0.12,17.3,1.33,1.15
2019,10,3,5,11425,0.04,19.73,3.34,1.04
2020,2,3,3,6698,0.069,18.43,3.08,1.13
2022,7,1,0,11911,0.12,20.56,3.52,1.24
2021,8,0,3,9174,0.097,20.9,2.86,1.18
2024,2,1,3,3907,0.174,17.19,4.26,1.29
2023,6,2,3,6165,0.144,5.82,1.42,1.27
2022,2,2,2,10119,0.126,6.49,1.47,1.19
2024,4,3,3,7766,0.171,20.97,2.92,1.31
2024,7,3,4,4250,0.158,19.71,2.85,1.27
2019,10,2,6,8458,0.05,5.7,4.22,1.1
2023,2,2,1,11180,0.129,6.42,2.26,1.27
2025,2,1,1,5657,0.201,15.93,1.14,1.38
2020,5,2,1,5316,0.061,5.44,3.01,1.07
2021,9,3,0,5770,0.09,18.52,3.18,1.11
2022,6,0,5,6824,0.107,17.29,1.14,1.2
2020,5,0,1,5964,0.067,18.89,2.18,1.14
2019,3,1,7,8699,0.046,16.5,4.4,1.0
2023,11,0,5,10733,0.15,14.35,2.92,1.23
2025,11,2,3,13350,0.196,5.16,2.75,1.36
2025,7,0,1,9794,0.19,14.86,1.84,1.36
2022,11,0,3,6987,0.119,19.33,1.18,1.18
2018,6,1,2,10742,0.032,17.17,1.67,0.98
2019,11,2,3,9049,0.059,6.03,3.19,1.08
2023,10,1,5,6446,0.159,17.64,2.84,1.31
2021,5,2,7,5879,0.088,5.34,1.97,1.15
2018,1,2,3,9390,0.012,6.28,4.18,0.97
2023,4,3,3,3536,0.159,14.68,3.39,1.25
2022,4,3,5,7934,0.136,20.19,4.21,1.15
2022,3,3,7,3527,0.121,15.92,4.37,1.17
2019,7,0,4,10831,0.036,17.85,1.92,1.0
2021,8,2,1,10803,0.07,5.39,1.61,1.12
2020,8,1,6,2600,0.075,20.63,4.02,1.11
2021,1,2,0,3335,0.114,5.31,4.59,1.14
2022,6,1,5,14100,0.112,20.37,3.07,1.12
2020,9,3,0,11284,0.056,14.74,2.29,1.06
2018,2,1,1,4933,0.029,15.6,4.48,0.98
2023,11,3,7,9614,0.152,20.69,4.18,1.28
2024,4,2,1,11908,0.169,5.81,2.82,1.21
2021,8,1,4,7386,0.077,16.32,3.77,1.18
2018,2,0,1,8630,0.034,20.6,2.66,0.98
2024,1,0,0,3003,0.171,17.3,3.67,1.34
2023,11,1,4,10153,0.131,16.04,2.4,1.23
2024,12,0,7,7023,0.188,19.13,1.86,1.27
2023,10,1,2,8492,0.152,17.64,2.84,1.31
2022,12,3,4,4006,0.139,14.2,4.51,1.22
2023,7,2,5,4052,0.139,6.89,4.9,1.19
2019,8,1,1,4912,0.041,19.19,4.33,1.06
2020,12,0,5,5548,0.077,15.72,3.21,1.12
2018,1,2,5,7252,0.018,6.28,4.18,0.97
2019,2,2,1,7870,0.033,6.3,2.31,1.06
2023,4,2,7,4445,0.159,6.9,2.68,1.22
2024,6,3,5,11308,0.148,14.51,3.86,1.25
2019,4,0,6,9346,0.035,18.32,2.53,1.04
2021,4,0,3,10944,0.098,18.74,3.2,1.2
2021,5,3,6,6469,0.091,15.82,3.53,1.12
2024,10,0,1,7738,0.153,17.49,3.96,1.3
2024,4,3,7,9160,0.168,20.97,2.92,1.31
2021,8,1,7,11896,0.085,16.32,3.77,1.18
2021,5,2,0,12295,0.104,5.34,1.97,1.15
2018,8,0,5,4457,0.018,17.66,3.54,1.03
2019,6,1,2,10937,0.058,19.35,5.46,1.04
2019,5,0,0,9712,0.03,16.27,3.46,1.11
2023,11,2,2,7501,0.135,5.65,2.12,1.29
2021,3,3,0,8541,0.083,19.64,1.71,1.11
2020,12,3,3,13355,0.053,20.57,3.34,1.11
2019,11,3,0,10527,0.033,14.34,4.05,1.02
2019,11,2,2,11548,0.045,6.03,3.19,1.08
2025,1,2,7,12395,0.207,5.23,3.52,1.39
2022,7,3,7,5044,0.14,20.77,0.1,1.22
2018,2,2,3,2623,0.03,6.87,2.08,1.05
2019,8,3,2,4141,0.045,18.2,2.98,1.03
2021,1,2,6,5447,0.097,5.31,4.59,1.14
2023,11,3,1,8133,0.144,20.69,4.18,1.28
2019,7,3,0,11377,0.037,14.31,1.93,1.06
2021,5,3,2,9621,0.093,15.82,3.53,1.12
2021,8,0,4,3823,0.1,20.9,2.86,1.18
2025,7,0,3,10273,0.211,14.86,1.84,1.36
2025,9,3,2,9143,0.187,15.19,2.59,1.35
2025,12,2,3,6010,0.191,5.89,2.37,1.41
2023,12,0,4,7813,0.153,17.54,3.6,1.2
2020,6,0,4,8268,0.061,19.12,2.41,1.07
2025,6,0,0,6475,0.202,16.87,2.17,1.31
2021,4,1,1,3424,0.088,17.76,3.21,1.2
2020,5,0,0,11012,0.08,18.89,2.18,1.14
2024,10,0,7,12582,0.167,17.49,3.96,1.3
2021,4,2,2,11264,0.108,6.51,2.7,1.11
2024,5,2,4,9698,0.186,5.82,1.97,1.33
2025,9,1,4,3859,0.184,14.84,3.98,1.36
2023,9,1,4,5271,0.143,20.22,3.93,1.26
2024,9,3,1,14865,0.175,19.79,4.01,1.32
2024,7,2,4,12323,0.177,6.79,4.09,1.28
2020,12,3,7,3918,0.056,20.57,3.34,1.11
2024,5,1,7,13385,0.182,20.51,4.0,1.25
2019,11,1,3,2829,0.051,14.48,2.4,1.01
2025,1,3,3,11245,0.197,20.78,2.87,1.31
2020,8,2,7,5818,0.08,6.75,2.58,1.14
2019,12,0,1,7921,0.055,19.73,2.42,1.08
2022,1,0,3,10453,0.118,17.07,2.38,1.16
2024,4,0,7,8677,0.177,17.64,3.38,1.31
2023,6,3,0,8903,0.136,19.96,4.9,1.25
2023,3,1,2,7830,0.138,19.14,3.22,1.22
2019,5,1,1,11626,0.04,17.12,2.38,1.11
2018,3,3,1,10129,0.008,15.88,2.05,0.98
2025,2,1,7,8532,0.186,15.93,1.14,1.38
2021,5,2,5,11029,0.106,5.34,1.97,1.15
2024,8,2,4,11000,0.17,6.29,1.84,1.35
2020,5,3,3,11437,0.07,16.82,2.16,1.08
2021,8,2,5,3007,0.076,5.39,1.61,1.12
2022,4,0,2,7444,0.123,17.2,2.43,1.18
2025,5,0,3,8178,0.178,19.64,1.86,1.34
2020,11,3,5,4791,0.067,16.16,3.24,1.11
2018,5,3,7,5820,0.02,15.74,4.48,0.97
2025,4,0,0,8693,0.206,20.04,1.48,1.37
2020,1,1,7,9127,0.067,17.8,2.26,1.09
2018,11,0,1,2958,0.029,19.22,4.36,0.99
2018,1,1,7,4805,0.016,19.12,3.5,1.0
2020,6,0,2,8206,0.062,19.12,2.41,1.07
2020,2,3,7,5714,0.085,18.43,3.08,1.13
2019,11,2,7,3605,0.049,6.03,3.19,1.08
2020,5,0,6,4164,0.073,18.89,2.18,1.14
2019,3,3,5,12038,0.055,15.71,2.9,1.05
2018,6,3,6,8376,0.04,20.14,5.06,1.05
2018,6,1,5,2759,0.032,17.17,1.67,0.98
2021,12,3,4,6833,0.09,14.85,2.49,1.15
2019,3,1,4,3929,0.045,16.5,4.4,1.0
2025,10,0,7,10646,0.199,17.72,3.18,1.32
2019,4,0,3,7866,0.038,18.32,2.53,1.04
2020,2,0,6,4253,0.041,17.19,3.54,1.11
2020,12,3,2,7731,0.057,20.57,3.34,1.11
2021,5,2,2,6107,0.091,5.34,1.97,1.15
2023,12,2,3,12494,0.132,5.57,3.67,1.33
2020,11,3,2,5364,0.092,16.16,3.24,1.11
2025,8,0,3,13671,0.185,17.62,1.07,1.35
2022,10,1,3,8184,0.119,16.78,3.57,1.2
2021,10,1,1,5631,0.109,19.12,2.4,1.18
2023,12,0,6,5339,0.152,17.54,3.6,1.2
2020,8,0,7,10917,0.069,17.49,3.65,1.07
2022,3,2,4,4032,0.121,5.96,3.58,1.22
2022,4,1,0,7506,0.132,14.59,2.48,1.22
2020,10,3,3,10987,0.059,18.7,1.86,1.1
2019,7,1,3,4644,0.049,14.27,3.68,1.04
2023,8,0,3,12335,0.164,19.07,1.27,1.25
2024,4,1,3,8325,0.176,16.13,3.25,1.23
2024,1,3,0,8622,0.186,18.9,4.77,1.26
2024,2,3,2,11340,0.172,17.39,2.55,1.26
2018,11,1,2,9981,0.031,15.3,2.93,1.02
2022,8,2,7,10794,0.101,5.61,1.77,1.2
2019,2,2,3,9356,0.029,6.3,2.31,1.06
2022,11,1,3,9705,0.131,14.38,2.28,1.18
2024,4,1,1,3554,0.174,16.13,3.25,1.23
2018,10,2,0,8276,0.002,6.87,5.08,0.99
2020,3,1,0,3127,0.04,15.31,4.48,1.09
2024,4,2,2,5962,0.177,5.81,2.82,1.21
2023,11,1,5,9858,0.162,16.04,2.4,1.23
2021,9,1,7,13136,0.1,19.74,2.39,1.15
2021,2,3,1,6735,0.083,14.62,3.85,1.14
2024,3,1,4,7935,0.178,17.1,3.11,1.29
2021,11,2,4,4549,0.098,5.49,1.86,1.17
2023,3,1,5,8058,0.148,19.14,3.22,1.22
2018,3,3,7,11655,0.024,15.88,2.05,0.98
2021,8,2,4,3524,0.108,5.39,1.61,1.12
2025,10,3,3,8884,0.198,19.89,2.76,1.35
2024,3,0,5,3348,0.174,15.87,5.82,1.23
2021,11,0,1,7339,0.086,19.36,4.0,1.13
2020,1,0,1,6242,0.082,14.05,0.65,1.11
2020,1,2,2,5196,0.069,6.93,1.74,1.07
2022,5,1,3,6727,0.116,15.41,2.6,1.18
2022,12,1,7,7634,0.11,14.24,1.31,1.22
2018,2,3,7,4261,0.015,15.66,4.14,1.02
2024,4,3,4,4423,0.171,20.97,2.92,1.31
2021,5,1,2,12029,0.089,18.88,1.9,1.13
2023,1,1,0,6746,0.154,20.81,2.82,1.19
2022,5,1,4,9207,0.11,15.41,2.6,1.18
2024,11,2,1,3958,0.173,5.97,3.51,1.32
2023,10,1,0,11726,0.153,17.64,2.84,1.31
2022,6,1,6,9964,0.12,20.37,3.07,1.12
2021,3,2,6,5269,0.106,6.31,1.91,1.13
2018,4,3,1,5072,0.021,14.11,2.68,1.02
2025,6,2,3,6073,0.194,5.31,3.12,1.37
2020,7,2,4,4727,0.072,5.41,1.5,1.08
2019,4,3,6,8605,0.034,19.64,2.98,1.07
2023,9,2,7,5611,0.156,5.51,1.89,1.28
2020,8,3,1,3888,0.083,18.25,4.71,1.09
2021,2,0,7,8145,0.109,15.64,4.53,1.15
2021,8,3,3,11853,0.096,15.5,4.5,1.18
2019,7,0,6,11099,0.052,17.85,1.92,1.0
2020,1,1,0,5799,0.064,17.8,2.26,1.09
2018,1,3,1,3209,0.004,20.49,0.82,0.97
2020,9,3,3,9657,0.08,14.74,2.29,1.06
2021,10,1,2,5578,0.101,19.12,2.4,1.18
2025,11,1,2,3480,0.211,17.27,4.22,1.4
2018,9,2,6,3787,0.009,5.51,4.22,0.93
2025,1,0,2,3810,0.185,15.2,2.3,1.34
2019,2,0,5,9300,0.044,17.04,3.57,1.06
2021,6,3,0,8600,0.109,17.38,3.43,1.16
2023,5,1,3,8538,0.146,16.22,4.76,1.25
2019,9,2,6,13322,0.038,5.66,2.29,1.03
2018,1,2,2,9570,0.0,6.28,4.18,0.97
2021,6,2,6,13911,0.095,6.05,2.0,1.18
2019,11,3,3,7133,0.057,14.34,4.05,1.02
2020,6,3,2,7187,0.079,20.67,3.42,1.14
2022,12,2,3,3176,0.132,5.26,3.7,1.26
2024,2,0,7,12253,0.18,19.28,2.13,1.32
2018,7,3,7,2379,0.024,16.36,0.99,1.03
2020,7,2,6,4271,0.078,5.41,1.5,1.08
2021,1,0,5,9687,0.075,17.87,1.77,1.17
2025,6,0,5,3492,0.197,16.87,2.17,1.31
2025,4,1,0,9323,0.218,15.08,3.72,1.36
2018,11,1,7,5374,0.009,15.3,2.93,1.02
2019,6,3,0,4587,0.041,16.57,1.63,1.04
2021,8,1,2,5226,0.095,16.32,3.77,1.18
2022,6,2,5,8101,0.111,5.57,3.24,1.17
2020,10,2,7,6881,0.083,5.37,4.37,1.05
2024,10,3,3,6904,0.18,20.6,2.94,1.28
2018,11,3,6,5947,0.013,18.31,3.87,1.01
2022,4,3,6,8872,0.119,20.19,4.21,1.15
2018,5,3,4,2853,0.028,15.74,4.48,0.97
2024,3,2,5,11039,0.197,5.56,3.16,1.34
2024,6,1,7,7438,0.156,14.82,3.54,1.31
2020,11,3,4,10404,0.065,16.16,3.24,1.11
2020,3,3,0,11186,0.08,17.46,3.27,1.08
2020,7,1,7,9830,0.059,18.93,1.48,1.09
2020,10,3,0,10443,0.062,18.7,1.86,1.1
2024,7,2,3,3284,0.17,6.79,4.09,1.28
2022,12,3,1,14154,0.091,14.2,4.51,1.22
2018,5,2,4,3660,0.013,5.15,3.84,0.97
2019,9,2,1,3717,0.042,5.66,2.29,1.03
2019,9,3,6,12502,0.042,15.59,3.37,1.05
2020,8,0,3,6219,0.042,17.49,3.65,1.07
2024,3,2,7,8840,0.174,5.56,3.16,1.34
2024,9,3,3,12141,0.155,19.79,4.01,1.32
2025,1,2,2,4468,0.205,5.23,3.52,1.39
2022,11,3,2,3235,0.119,18.17,1.93,1.25
2025,7,1,6,11976,0.198,16.37,2.09,1.34
2021,2,3,4,11626,0.098,14.62,3.85,1.14
2023,3,1,7,4349,0.159,19.14,3.22,1.22
2018,1,2,0,10121,-0.0,6.28,4.18,0.97
2025,6,2,7,9713,0.203,5.31,3.12,1.37
2023,5,2,7,5908,0.154,5.28,3.81,1.29
2023,7,3,1,10633,0.153,15.89,3.46,1.26
2024,2,3,5,2843,0.171,17.39,2.55,1.26
2020,4,0,4,4052,0.064,17.65,3.72,1.12
2025,3,0,0,14196,0.193,18.76,4.46,1.34
2020,6,0,3,10703,0.061,19.12,2.41,1.07
2025,9,2,4,6705,0.194,6.64,3.4,1.35
2025,12,1,4,15877,0.198,20.15,2.5,1.35
2019,1,1,1,5730,0.04,19.31,2.44,1.06
2024,10,0,3,9870,0.165,17.49,3.96,1.3
2023,11,0,3,11835,0.142,14.35,2.92,1.23
2023,7,2,3,8179,0.152,6.89,4.9,1.19
2020,6,0,0,6692,0.067,19.12,2.41,1.07
2024,11,3,4,8045,0.164,19.47,2.66,1.28
2025,10,3,1,3055,0.214,19.89,2.76,1.35
2021,6,3,5,3332,0.102,17.38,3.43,1.16
2023,1,0,7,2813,0.14,19.53,2.81,1.24
2020,6,1,2,7936,0.06,15.45,3.89,1.09
2019,6,3,7,12387,0.033,16.57,1.63,1.04
2022,10,2,7,3864,0.115,5.45,3.49,1.16
2025,3,1,1,14683,0.197,19.51,4.25,1.38
2022,4,0,6,10184,0.118,17.2,2.43,1.18
2023,8,2,4,11055,0.138,6.62,1.78,1.29
2022,9,1,0,4091,0.116,15.14,3.99,1.22
2021,9,3,7,5666,0.106,18.52,3.18,1.11
2024,3,0,3,5008,0.157,15.87,5.82,1.23
2020,8,3,6,11263,0.087,18.25,4.71,1.09
2023,1,0,0,4326,0.13,19.53,2.81,1.24
2024,1,1,0,10060,0.177,15.11,3.31,1.28
2018,4,2,7,7194,0.025,5.64,2.51,1.01
2024,8,2,0,6108,0.169,6.29,1.84,1.35
2021,7,1,4,6786,0.097,14.72,3.23,1.17
2018,12,1,4,11446,0.025,20.78,2.5,0.99
2020,2,2,4,5090,0.069,6.15,5.11,1.12
2022,4,1,2,11261,0.122,14.59,2.48,1.22
2020,7,2,0,10975,0.078,5.41,1.5,1.08
2018,12,0,3,7189,0.02,15.82,1.25,0.96
2018,11,2,1,4111,0.01,5.09,3.46,0.99
2023,6,2,7,10905,0.158,5.82,1.42,1.27
2025,7,2,4,6252,0.202,5.16,1.45,1.37
2019,11,1,2,7985,0.044,14.48,2.4,1.01
2023,7,1,1,9692,0.156,17.3,3.74,1.29
2018,1,0,3,10727,0.014,17.6,2.37,1.02
2024,6,0,3,9788,0.172,19.11,2.37,1.31
2022,10,0,3,6564,0.126,14.74,1.85,1.21
2020,1,2,1,12078,0.072,6.93,1.74,1.07
2025,5,0,2,9348,0.211,19.64,1.86,1.34
2018,3,2,7,8004,0.015,6.73,3.52,1.02
2018,5,1,1,6642,0.02,19.26,2.78,1.03
2023,12,3,2,4966,0.118,15.08,3.0,1.23
2025,9,2,6,3734,0.217,6.64,3.4,1.35
2022,12,0,5,12660,0.127,15.01,4.44,1.18
2024,5,3,5,7143,0.162,16.86,3.26,1.3
2023,1,0,5,12068,0.147,19.53,2.81,1.24
2025,3,2,6,7761,0.191,5.35,3.2,1.34
2022,11,0,1,11760,0.119,19.33,1.18,1.18
2022,4,2,3,3863,0.119,5.5,3.93,1.27
2019,5,1,5,7800,0.039,17.12,2.38,1.11
2022,11,1,1,8365,0.119,14.38,2.28,1.18
2021,4,2,6,9216,0.09,6.51,2.7,1.11
2020,6,3,7,13639,0.081,20.67,3.42,1.14
2020,12,1,0,4238,0.05,14.13,2.66,1.11
2019,2,1,4,3321,0.047,20.1,4.81,1.06
2020,5,2,3,9992,0.09,5.44,3.01,1.07
2025,11,2,1,3958,0.198,5.16,2.75,1.36
2019,3,2,6,9697,0.067,6.8,2.89,1.07
2023,4,3,4,4106,0.161,14.68,3.39,1.25
2025,2,2,5,11669,0.191,6.05,3.94,1.39
2022,5,2,5,8581,0.111,5.46,3.43,1.19
2023,11,2,3,5690,0.136,5.65,2.12,1.29
2021,10,2,2,11354,0.082,6.19,3.94,1.16
2021,2,3,3,12026,0.084,14.62,3.85,1.14
2022,5,1,6,9448,0.121,15.41,2.6,1.18
2025,8,3,5,8269,0.201,20.94,0.28,1.37
2023,2,3,3,7580,0.144,20.36,3.4,1.26
2020,2,3,5,8225,0.075,18.43,3.08,1.13
2023,3,0,6,7658,0.141,18.47,3.98,1.2
2025,8,2,0,6830,0.209,5.85,3.31,1.36
2021,4,1,0,4614,0.093,17.76,3.21,1.2
2025,2,1,6,3708,0.198,15.93,1.14,1.38
2024,12,3,7,11955,0.135,19.11,4.19,1.26
2020,9,3,7,5186,0.044,14.74,2.29,1.06
2022,12,1,0,3464,0.117,14.24,1.31,1.22
2019,8,1,2,5023,0.053,19.19,4.33,1.06
2021,6,1,7,6405,0.112,17.3,1.33,1.15
2025,9,0,0,11003,0.179,20.9,5.43,1.33
2023,7,2,0,7694,0.146,6.89,4.9,1.19
2024,12,2,7,14865,0.177,5.96,4.65,1.35
2022,8,0,5,4813,0.114,17.11,2.78,1.23
2025,11,0,6,4301,0.195,16.45,1.71,1.33
2018,5,1,4,7073,0.019,19.26,2.78,1.03
2018,3,0,6,10822,0.019,15.71,1.63,0.98
2023,5,1,5,9703,0.144,16.22,4.76,1.25
2019,11,3,5,3906,0.038,14.34,4.05,1.02
2021,6,1,3,9597,0.098,17.3,1.33,1.15
2022,10,2,4,4524,0.13,5.45,3.49,1.16
2024,2,3,1,6148,0.173,17.39,2.55,1.26
2024,9,0,7,10293,0.158,19.75,2.4,1.31
2021,7,2,5,7105,0.105,5.1,2.25,1.15
2022,10,2,2,7989,0.131,5.45,3.49,1.16
2021,6,1,2,5487,0.11,17.3,1.33,1.15
2025,8,2,7,7716,0.183,5.85,3.31,1.36
2023,10,3,1,10200,0.14,20.71,3.31,1.21
2018,12,3,2,5020,0.014,18.76,3.5,1.03
2022,12,3,5,4794,0.128,14.2,4.51,1.22
2018,11,0,6,9144,0.033,19.22,4.36,0.99
2024,1,1,5,5851,0.168,15.11,3.31,1.28
2024,2,3,7,3286,0.166,17.39,2.55,1.26
2022,3,1,5,3970,0.111,14.44,2.63,1.2
2020,11,2,7,9548,0.058,6.43,4.12,1.12
2025,7,3,0,6222,0.176,16.79,1.29,1.36
2023,1,3,2,7246,0.166,20.67,2.54,1.27
2024,1,0,7,7821,0.151,17.3,3.67,1.34
2024,9,3,2,4731,0.167,19.79,4.01,1.32
2021,6,2,7,11567,0.097,6.05,2.0,1.18
2018,11,1,0,3648,0.033,15.3,2.93,1.02
2022,3,3,4,5101,0.101,15.92,4.37,1.17
2024,7,0,1,9808,0.161,14.77,1.79,1.29
2023,5,0,5,8318,0.153,20.3,4.47,1.24
2022,5,0,1,10840,0.111,17.96,2.59,1.24
2023,1,3,7,7315,0.125,20.67,2.54,1.27
2018,9,1,5,7383,0.011,15.16,2.67,0.99
2024,4,0,4,7826,0.167,17.64,3.38,1.31
2023,4,3,2,11227,0.147,14.68,3.39,1.25
2019,10,3,1,7895,0.056,19.73,3.34,1.04
2020,5,1,6,9753,0.075,17.21,1.69,1.11
2023,4,0,3,6128,0.14,19.18,3.1,1.22
2018,5,0,3,3839,0.006,18.94,3.32,1.05
2022,12,2,6,12455,0.12,5.26,3.7,1.26
2022,10,1,5,3432,0.127,16.78,3.57,1.2
2022,2,1,6,7076,0.119,19.66,3.28,1.23
2018,10,2,2,5228,0.014,6.87,5.08,0.99
2019,9,0,6,5028,0.051,15.09,2.52,1.07
2023,7,2,1,4209,0.159,6.89,4.9,1.19
2024,3,0,4,8751,0.172,15.87,5.82,1.23
2019,6,0,7,13041,0.05,14.41,2.79,1.09
2023,9,0,4,7288,0.141,20.95,2.48,1.26
2018,4,3,0,4739,0.052,14.11,2.68,1.02
2019,5,3,4,2778,0.033,18.7,2.25,1.07
2018,8,1,0,5065,0.019,18.77,2.4,1.02
2019,11,3,4,7489,0.046,14.34,4.05,1.02
2024,6,3,7,14222,0.166,14.51,3.86,1.25
2024,11,0,1,9917,0.175,15.84,2.25,1.29
2021,9,2,1,4365,0.095,6.93,3.05,1.16
2024,7,1,3,8163,0.17,14.7,3.9,1.27
2021,10,3,3,4966,0.092,17.59,1.7,1.14
2025,10,0,0,8528,0.193,17.72,3.18,1.32
2020,3,0,7,13420,0.079,14.38,3.34,1.07
2018,7,1,1,9253,0.017,14.62,2.18,0.98
2021,10,2,0,7577,0.08,6.19,3.94,1.16
2020,6,3,3,6179,0.09,20.67,3.42,1.14
2023,4,1,6,4064,0.123,16.81,1.94,1.25
2022,3,2,6,11451,0.135,5.96,3.58,1.22
2018,4,3,6,7820,0.017,14.11,2.68,1.02
2019,9,1,6,8495,0.043,14.35,3.91,1.09
2022,11,0,7,6843,0.116,19.33,1.18,1.18
2018,1,1,4,7420,0.021,19.12,3.5,1.0
2018,3,0,3,8132,0.034,15.71,1.63,0.98
2022,7,2,4,9688,0.124,6.64,2.64,1.19
2019,3,3,4,6371,0.057,15.71,2.9,1.05
2018,1,1,6,10607,0.035,19.12,3.5,1.0
2021,3,2,7,10819,0.081,6.31,1.91,1.13
2020,5,3,2,4693,0.086,16.82,2.16,1.08
2018,8,1,5,4807,0.025,18.77,2.4,1.02
2020,10,1,2,3052,0.041,14.89,2.73,1.11
2018,8,3,3,3277,0.016,18.34,3.34,0.99
2025,9,0,2,6320,0.207,20.9,5.43,1.33
2021,1,0,0,4343,0.088,17.87,1.77,1.17
2024,9,0,2,9424,0.183,19.75,2.4,1.31
2021,12,3,7,4801,0.087,14.85,2.49,1.15
2022,3,1,6,9024,0.094,14.44,2.63,1.2
2025,6,1,5,13947,0.197,18.81,3.25,1.35
2024,3,3,0,15426,0.16,14.7,4.1,1.34
2024,10,0,2,6131,0.165,17.49,3.96,1.3
2023,3,1,6,11443,0.155,19.14,3.22,1.22
2024,4,0,1,13093,0.161,17.64,3.38,1.31
2023,2,3,2,7161,0.138,20.36,3.4,1.26
2022,8,1,1,9131,0.133,19.89,2.18,1.22
2021,5,2,1,5138,0.113,5.34,1.97,1.15
2022,1,1,6,8918,0.103,19.71,3.87,1.23
2019,8,0,7,5955,0.046,20.14,2.55,1.03
2024,3,1,3,13334,0.176,17.1,3.11,1.29
2021,11,3,6,9517,0.091,19.36,2.37,1.18
2018,4,0,7,8534,0.007,15.96,3.95,1.04
2024,1,3,1,9336,0.184,18.9,4.77,1.26
2021,1,3,1,9351,0.1,18.71,2.47,1.16
2024,7,3,2,12612,0.169,19.71,2.85,1.27
2018,8,0,0,6390,0.028,17.66,3.54,1.03
2018,3,1,3,8220,0.039,19.96,3.92,0.99
2025,8,2,2,9076,0.215,5.85,3.31,1.36
2023,5,2,0,11522,0.157,5.28,3.81,1.29
2023,9,3,0,8906,0.146,14.79,2.65,1.27
2019,5,2,0,11042,0.06,6.86,2.62,1.06
2018,4,2,6,3440,0.026,5.64,2.51,1.01
2023,7,3,6,11473,0.159,15.89,3.46,1.26
2021,4,1,7,5092,0.08,17.76,3.21,1.2
2025,2,0,3,3549,0.187,20.36,5.25,1.34
2023,2,2,0,8110,0.144,6.42,2.26,1.27
2025,5,1,0,13753,0.2,17.54,3.59,1.31
2024,3,0,2,11816,0.175,15.87,5.82,1.23
2023,5,2,4,6607,0.124,5.28,3.81,1.29
2019,4,1,5,2843,0.054,17.63,3.98,1.04
2022,4,3,7,7859,0.11,20.19,4.21,1.15
2025,2,3,6,5508,0.211,14.81,3.66,1.38
2024,1,3,3,4908,0.181,18.9,4.77,1.26
2024,5,2,7,4087,0.159,5.82,1.97,1.33
2022,8,0,7,12578,0.114,17.11,2.78,1.23
2020,5,3,7,6917,0.052,16.82,2.16,1.08
2022,4,0,7,10526,0.13,17.2,2.43,1.18
2020,9,1,3,3142,0.069,20.6,4.49,1.1
2020,9,1,7,5936,0.076,20.6,4.49,1.1
2020,4,3,3,5816,0.068,19.81,3.52,1.16
2021,6,3,2,10353,0.098,17.38,3.43,1.16
2023,12,1,5,9879,0.149,14.11,1.85,1.27
2018,12,0,5,4500,0.025,15.82,1.25,0.96
2023,7,0,6,4587,0.136,19.21,1.85,1.27
2018,1,2,4,6638,0.012,6.28,4.18,0.97
2019,3,2,1,4381,0.041,6.8,2.89,1.07
2019,5,0,6,5462,0.027,16.27,3.46,1.11
2019,11,3,6,10128,0.045,14.34,4.05,1.02
2018,2,3,2,4125,0.031,15.66,4.14,1.02
2019,8,2,7,7355,0.05,6.14,2.63,1.08
2018,10,0,7,9158,0.015,19.19,5.28,0.92
2024,12,3,0,10809,0.184,19.11,4.19,1.26
2021,4,2,5,4266,0.091,6.51,2.7,1.11
2025,1,0,5,11569,0.197,15.2,2.3,1.34
2019,8,3,0,5763,0.056,18.2,2.98,1.03
2023,5,1,2,3630,0.176,16.22,4.76,1.25
2021,5,1,0,8674,0.078,18.88,1.9,1.13
2020,9,2,1,9197,0.062,6.87,2.96,1.16
2018,11,3,0,10451,0.023,18.31,3.87,1.01
2018,2,0,2,3996,0.031,20.6,2.66,0.98
2018,4,0,3,10098,0.013,15.96,3.95,1.04
2020,10,3,2,8972,0.058,18.7,1.86,1.1
2023,12,0,7,4962,0.165,17.54,3.6,1.2
2023,11,3,6,3757,0.155,20.69,4.18,1.28
2020,12,2,0,4417,0.058,5.31,3.85,1.15
2024,5,0,4,10219,0.174,19.85,2.26,1.26
2022,10,0,5,3974,0.106,14.74,1.85,1.21
2022,7,2,1,8766,0.1,6.64,2.64,1.19
2020,11,0,6,5502,0.068,20.31,2.67,1.12
2023,2,3,0,11251,0.124,20.36,3.4,1.26
2019,5,0,4,5747,0.046,16.27,3.46,1.11
2023,12,0,0,13130,0.16,17.54,3.6,1.2
2021,9,3,5,14215,0.092,18.52,3.18,1.11
2024,12,0,2,10468,0.174,19.13,1.86,1.27
2019,7,2,4,10912,0.045,5.11,1.71,1.06
2021,11,3,1,3797,0.109,19.36,2.37,1.18
2024,4,0,0,10212,0.163,17.64,3.38,1.31
2018,2,2,5,7526,0.021,6.87,2.08,1.05
2025,4,2,2,10033,0.195,5.67,3.39,1.31
2019,9,2,2,10473,0.045,5.66,2.29,1.03
2018,3,2,5,6895,0.002,6.73,3.52,1.02
2019,9,2,3,11384,0.048,5.66,2.29,1.03
2022,11,2,2,4564,0.113,5.76,3.81,1.18
2018,9,2,0,12120,0.021,5.51,4.22,0.93
2022,6,3,2,13363,0.114,19.36,3.11,1.21
2018,12,1,2,3799,0.031,20.78,2.5,0.99
2020,5,1,4,12050,0.076,17.21,1.69,1.11
2023,1,0,2,5760,0.151,19.53,2.81,1.24
2023,3,0,3,13679,0.14,18.47,3.98,1.2
2024,3,1,1,7974,0.154,17.1,3.11,1.29
2019,12,2,0,4677,0.046,6.48,3.45,1.02
2023,8,0,7,7067,0.158,19.07,1.27,1.25
2024,12,2,2,5263,0.173,5.96,4.65,1.35
2018,2,0,3,3601,0.02,20.6,2.66,0.98
2023,8,2,6,3056,0.142,6.62,1.78,1.29
2018,7,0,5,6775,0.022,17.58,3.58,1.01
2021,11,1,1,3232,0.08,20.04,1.41,1.19
2023,6,3,5,9040,0.14,19.96,4.9,1.25
2018,3,1,5,11937,0.02,19.96,3.92,0.99
2022,11,3,4,12562,0.113,18.17,1.93,1.25
2024,5,1,5,13376,0.199,20.51,4.0,1.25
2023,10,3,2,5262,0.144,20.71,3.31,1.21
2018,5,0,1,9078,0.014,18.94,3.32,1.05
2020,1,2,5,5709,0.073,6.93,1.74,1.07
2023,9,1,5,6566,0.136,20.22,3.93,1.26
2023,7,3,0,4648,0.145,15.89,3.46,1.26
2019,12,3,7,13143,0.052,18.66,2.62,1.07
2019,5,2,6,8412,0.058,6.86,2.62,1.06
2020,8,2,4,9920,0.079,6.75,2.58,1.14
2024,2,0,1,12086,0.178,19.28,2.13,1.32
2018,6,1,6,10943,0.015,17.17,1.67,0.98
2018,8,2,0,4385,0.008,6.43,4.33,1.06
2021,6,3,4,5601,0.091,17.38,3.43,1.16
2023,4,1,1,7955,0.128,16.81,1.94,1.25
2019,2,2,7,8214,0.06,6.3,2.31,1.06
2021,7,0,7,8381,0.097,15.24,2.37,1.14
2023,8,1,1,6272,0.143,17.4,2.78,1.22
2021,6,3,1,4686,0.073,17.38,3.43,1.16
2025,10,1,3,6861,0.195,19.1,4.06,1.38
2023,8,1,7,10207,0.134,17.4,2.78,1.22
2019,2,3,3,5340,0.052,18.18,4.57,1.0
2023,7,0,3,5476,0.151,19.21,1.85,1.27
2019,7,1,1,3204,0.05,14.27,3.68,1.04
2024,5,3,0,10518,0.171,16.86,3.26,1.3
2025,4,3,2,9315,0.195,20.73,4.21,1.37
2022,10,2,0,12094,0.121,5.45,3.49,1.16
2019,12,2,3,7373,0.028,6.48,3.45,1.02
2019,1,1,5,3520,0.056,19.31,2.44,1.06
2018,8,0,4,11099,0.012,17.66,3.54,1.03
2024,12,0,6,6234,0.15,19.13,1.86,1.27
2023,3,1,0,13023,0.128,19.14,3.22,1.22
2018,9,0,4,8896,0.029,20.39,2.56,1.0
2020,1,1,3,7713,0.052,17.8,2.26,1.09
2023,8,3,6,4160,0.161,15.72,4.09,1.23
2019,2,3,6,6994,0.022,18.18,4.57,1.0
2019,10,1,1,9529,0.038,20.75,4.31,1.03
2018,8,2,1,3148,0.013,6.43,4.33,1.06
2023,9,2,1,6901,0.142,5.51,1.89,1.28
2022,2,1,7,5426,0.136,19.66,3.28,1.23
2023,7,2,7,8158,0.14,6.89,4.9,1.19
2023,6,1,1,8489,0.153,19.42,3.7,1.24
2024,12,2,3,14305,0.143,5.96,4.65,1.35
2024,11,1,2,8062,0.157,19.71,5.06,1.26
2025,4,3,6,4670,0.195,20.73,4.21,1.37
2019,3,1,0,6875,0.04,16.5,4.4,1.0
2021,10,2,6,10082,0.108,6.19,3.94,1.16
2019,11,0,5,6842,0.041,14.29,2.81,1.02
2025,1,0,1,2955,0.195,15.2,2.3,1.34
2024,12,3,2,14150,0.167,19.11,4.19,1.26
2023,5,1,0,4723,0.146,16.22,4.76,1.25
2022,12,0,6,7927,0.114,15.01,4.44,1.18
2021,1,3,0,7579,0.091,18.71,2.47,1.16
2018,3,3,3,8736,0.011,15.88,2.05,0.98
2024,6,3,3,15368,0.172,14.51,3.86,1.25
2021,10,3,5,8410,0.088,17.59,1.7,1.14
2022,12,1,6,12770,0.121,14.24,1.31,1.22
2022,5,1,5,7465,0.12,15.41,2.6,1.18
2023,3,3,0,15148,0.144,16.61,1.95,1.23
2019,3,2,4,6089,0.029,6.8,2.89,1.07
2019,5,1,6,4211,0.033,17.12,2.38,1.11
2019,1,3,5,6152,0.044,17.37,4.25,1.06
2019,1,1,0,7462,0.056,19.31,2.44,1.06
2024,12,0,5,14810,0.173,19.13,1.86,1.27
2023,8,0,0,11451,0.143,19.07,1.27,1.25
2022,4,1,1,10239,0.12,14.59,2.48,1.22
2025,8,0,2,12057,0.178,17.62,1.07,1.35
2019,10,3,0,3077,0.035,19.73,3.34,1.04
2021,3,2,0,10538,0.1,6.31,1.91,1.13
2018,2,2,7,9405,0.033,6.87,2.08,1.05
2020,3,3,5,11219,0.07,17.46,3.27,1.08
2025,5,1,1,6375,0.202,17.54,3.59,1.31
2024,8,0,0,10356,0.157,16.84,0.97,1.26
2021,4,0,7,12350,0.098,18.74,3.2,1.2
2018,7,2,2,8111,-0.001,6.45,2.99,1.01
2023,9,3,1,8881,0.14,14.79,2.65,1.27
2018,12,3,6,3073,0.023,18.76,3.5,1.03
2022,10,1,0,3561,0.11,16.78,3.57,1.2
2025,5,1,5,3926,0.206,17.54,3.59,1.31
2025,8,2,1,4357,0.188,5.85,3.31,1.36
2024,12,0,4,9550,0.171,19.13,1.86,1.27
2025,2,2,6,10330,0.202,6.05,3.94,1.39
2018,1,0,1,7498,0.015,17.6,2.37,1.02
2023,1,2,0,3226,0.155,6.53,3.03,1.31
2022,10,0,7,11106,0.112,14.74,1.85,1.21
2019,11,1,5,7085,0.052,14.48,2.4,1.01
2018,8,2,2,8097,0.025,6.43,4.33,1.06
2022,3,3,1,4351,0.112,15.92,4.37,1.17
2019,1,1,6,6143,0.058,19.31,2.44,1.06
2022,2,0,6,7665,0.106,15.26,4.41,1.2
2020,5,2,5,10039,0.084,5.44,3.01,1.07
2023,4,3,5,10674,0.145,14.68,3.39,1.25
2024,5,2,5,9432,0.19,5.82,1.97,1.33
2021,3,0,0,7800,0.098,15.56,3.99,1.16
2023,1,2,3,2744,0.15,6.53,3.03,1.31
2019,12,1,4,9412,0.053,20.35,3.11,1.04
2018,2,0,0,3795,0.011,20.6,2.66,0.98
2020,4,1,5,4690,0.077,16.57,2.67,1.12
2019,5,2,4,10119,0.055,6.86,2.62,1.06
2024,9,0,4,8447,0.164,19.75,2.4,1.31
2021,7,2,4,2977,0.096,5.1,2.25,1.15
2020,12,2,1,9979,0.07,5.31,3.85,1.15
2020,9,1,2,10052,0.076,20.6,4.49,1.1
2018,12,3,5,5393,0.036,18.76,3.5,1.03
2019,9,2,4,8470,0.045,5.66,2.29,1.03
2018,12,1,6,12846,0.011,20.78,2.5,0.99
2020,7,1,2,5632,0.06,18.93,1.48,1.09
2021,7,0,1,5255,0.098,15.24,2.37,1.14
2020,9,0,4,6148,0.076,20.13,3.71,1.1
2019,3,3,7,6492,0.051,15.71,2.9,1.05
2021,8,3,5,4075,0.094,15.5,4.5,1.18
2024,12,2,6,8057,0.153,5.96,4.65,1.35
2022,1,0,6,4692,0.123,17.07,2.38,1.16
2021,4,0,0,3025,0.103,18.74,3.2,1.2
2023,6,0,7,12371,0.154,14.15,1.27,1.26
2022,1,3,4,12475,0.107,20.54,4.57,1.2
2024,11,2,5,4249,0.166,5.97,3.51,1.32
2021,4,1,3,7587,0.096,17.76,3.21,1.2
2022,6,1,4,11700,0.119,20.37,3.07,1.12
2021,4,1,5,7649,0.104,17.76,3.21,1.2
2025,6,1,0,12893,0.209,18.81,3.25,1.35
2018,3,0,2,3416,0.027,15.71,1.63,0.98
2021,1,3,5,5673,0.074,18.71,2.47,1.16
2020,2,0,7,10756,0.07,17.19,3.54,1.11
2022,10,2,5,4627,0.11,5.45,3.49,1.16
2023,10,0,5,3930,0.139,18.19,1.67,1.18
2025,7,2,1,9231,0.209,5.16,1.45,1.37
2023,6,2,1,6560,0.154,5.82,1.42,1.27
2018,5,1,6,9643,0.041,19.26,2.78,1.03
2020,12,3,5,7544,0.066,20.57,3.34,1.11
2020,6,1,6,7383,0.094,15.45,3.89,1.09
2020,6,1,0,8243,0.044,15.45,3.89,1.09
2020,2,3,2,9996,0.063,18.43,3.08,1.13
2021,12,2,4,6777,0.085,6.72,2.2,1.23
2021,2,2,7,5012,0.098,6.73,2.8,1.19
2019,4,2,0,7348,0.037,6.62,3.44,1.08
2025,11,2,5,10813,0.189,5.16,2.75,1.36
2024,3,2,4,8590,0.155,5.56,3.16,1.34
2023,3,0,5,3872,0.144,18.47,3.98,1.2
2024,5,1,3,10883,0.177,20.51,4.0,1.25
2023,2,1,7,4424,0.152,14.93,4.6,1.24
2021,8,0,0,3112,0.088,20.9,2.86,1.18
2020,4,2,7,5319,0.09,5.29,3.39,1.14
2020,2,2,5,5489,0.062,6.15,5.11,1.12
2025,10,0,5,11115,0.187,17.72,3.18,1.32
2022,5,3,4,7124,0.103,20.51,4.02,1.22
2024,11,0,6,8516,0.186,15.84,2.25,1.29
2024,10,2,6,13380,0.181,6.37,4.57,1.28
2024,9,0,6,3884,0.167,19.75,2.4,1.31
2019,9,0,5,7659,0.034,15.09,2.52,1.07
2018,6,0,5,9346,0.012,20.05,2.89,1.0
2018,2,1,7,9524,0.021,15.6,4.48,0.98
2025,8,3,0,4208,0.188,20.94,0.28,1.37
2019,11,0,1,5328,0.038,14.29,2.81,1.02
2018,3,2,3,12829,0.004,6.73,3.52,1.02
2025,11,3,0,12105,0.198,15.48,2.21,1.39
2021,2,3,6,3723,0.079,14.62,3.85,1.14
2024,11,2,0,3723,0.177,5.97,3.51,1.32
2022,10,1,4,9105,0.125,16.78,3.57,1.2
2021,1,1,4,6878,0.105,20.58,4.52,1.16
2021,6,0,5,8468,0.088,15.58,3.92,1.13
2018,7,2,0,7657,0.023,6.45,2.99,1.01
2019,4,2,7,10892,0.048,6.62,3.44,1.08
2022,5,3,0,9597,0.112,20.51,4.02,1.22
2019,4,3,4,6963,0.049,19.64,2.98,1.07
2024,8,0,4,8990,0.161,16.84,0.97,1.26
2022,11,1,0,4343,0.13,14.38,2.28,1.18
2021,8,0,5,4104,0.11,20.9,2.86,1.18
2021,12,0,2,14144,0.082,16.14,3.31,1.12
2024,3,3,3,4929,0.181,14.7,4.1,1.34
2025,4,1,4,4934,0.205,15.08,3.72,1.36
2023,5,2,5,9464,0.146,5.28,3.81,1.29
2022,1,1,5,5224,0.123,19.71,3.87,1.23
2021,3,1,1,7864,0.092,14.82,1.79,1.14
2021,9,0,0,4105,0.086,14.56,3.7,1.12
2023,10,0,1,8519,0.133,18.19,1.67,1.18
2024,9,3,5,10674,0.179,19.79,4.01,1.32
2022,5,0,5,3593,0.118,17.96,2.59,1.24
2021,2,0,6,5877,0.09,15.64,4.53,1.15
2022,1,1,7,4646,0.107,19.71,3.87,1.23
2020,6,2,1,11942,0.075,5.69,2.46,1.12
2019,12,0,7,6595,0.052,19.73,2.42,1.08
2018,8,0,3,9788,0.031,17.66,3.54,1.03
2019,11,2,5,3200,0.042,6.03,3.19,1.08
2025,12,2,0,4468,0.173,5.89,2.37,1.41
2021,1,1,5,8344,0.088,20.58,4.52,1.16
2024,11,0,5,3098,0.162,15.84,2.25,1.29
2024,5,0,6,10238,0.184,19.85,2.26,1.26
2021,2,2,1,10146,0.105,6.73,2.8,1.19
2020,10,0,1,8800,0.069,19.1,2.25,1.1
2023,8,0,5,5629,0.141,19.07,1.27,1.25
2020,10,1,7,7330,0.078,14.89,2.73,1.11
2021,1,0,2,8716,0.102,17.87,1.77,1.17
2021,11,3,5,12413,0.103,19.36,2.37,1.18
2024,8,1,7,12964,0.181,15.31,3.43,1.33
2020,4,3,5,7777,0.07,19.81,3.52,1.16
2018,5,0,2,4094,0.034,18.94,3.32,1.05
2025,11,1,4,8698,0.198,17.27,4.22,1.4
2020,3,3,3,3523,0.071,17.46,3.27,1.08
2019,11,0,6,2725,0.042,14.29,2.81,1.02
2025,7,2,7,13618,0.176,5.16,1.45,1.37
2024,7,1,7,3979,0.162,14.7,3.9,1.27
2018,9,0,0,4075,0.02,20.39,2.56,1.0
2018,3,0,4,11545,0.032,15.71,1.63,0.98
2024,6,2,5,5621,0.167,6.87,3.01,1.31
2019,1,0,4,5978,0.042,16.25,1.15,1.03
2024,10,3,0,2830,0.166,20.6,2.94,1.28
2023,10,3,0,11018,0.161,20.71,3.31,1.21
2025,6,3,4,8594,0.19,14.87,2.81,1.41
2019,1,0,5,7513,0.048,16.25,1.15,1.03
2021,7,3,6,2897,0.097,19.11,3.0,1.18
2024,9,1,1,3559,0.186,16.27,1.27,1.25
2022,12,0,2,12758,0.107,15.01,4.44,1.18
2019,7,3,4,3116,0.041,14.31,1.93,1.06
2023,6,2,6,5133,0.152,5.82,1.42,1.27
2021,5,3,0,5261,0.082,15.82,3.53,1.12
2022,9,2,6,3824,0.132,6.95,3.43,1.18
2020,4,0,0,5281,0.072,17.65,3.72,1.12
2025,10,1,4,5802,0.206,19.1,4.06,1.38
2024,1,3,7,6223,0.177,18.9,4.77,1.26
2022,1,0,5,3968,0.116,17.07,2.38,1.16
2018,2,1,5,9397,0.028,15.6,4.48,0.98
2024,9,2,5,12795,0.165,5.82,2.76,1.32
2023,7,2,2,5023,0.133,6.89,4.9,1.19
2024,10,2,4,8479,0.164,6.37,4.57,1.28
2020,7,3,1,10894,0.075,19.49,3.16,1.1
2022,2,1,4,9330,0.109,19.66,3.28,1.23
2020,12,1,3,6051,0.074,14.13,2.66,1.11
2023,10,2,2,11300,0.157,6.02,5.12,1.24
2024,7,0,0,7231,0.168,14.77,1.79,1.29
2022,12,1,5,13906,0.117,14.24,1.31,1.22
2019,10,1,4,9267,0.043,20.75,4.31,1.03
2019,11,2,0,3862,0.038,6.03,3.19,1.08
2019,1,2,5,10110,0.035,6.5,3.26,1.06
2021,12,0,5,14353,0.095,16.14,3.31,1.12
2022,4,3,1,2865,0.117,20.19,4.21,1.15
2020,2,2,1,10485,0.078,6.15,5.11,1.12
2019,8,0,0,3546,0.042,20.14,2.55,1.03
2018,4,3,3,7959,0.032,14.11,2.68,1.02
2019,2,1,1,2894,0.058,20.1,4.81,1.06
2022,3,2,1,9491,0.123,5.96,3.58,1.22
2025,10,2,2,11477,0.205,5.09,4.15,1.36
2018,3,2,1,10070,0.025,6.73,3.52,1.02
2023,6,1,3,3447,0.141,19.42,3.7,1.24
2019,12,3,1,4842,0.038,18.66,2.62,1.07
2024,8,3,3,3799,0.151,19.86,1.72,1.32
2022,3,2,7,6242,0.113,5.96,3.58,1.22
2018,1,0,4,8298,0.017,17.6,2.37,1.02
2024,5,0,5,13421,0.166,19.85,2.26,1.26
2018,9,2,5,5541,0.017,5.51,4.22,0.93
2020,10,0,3,5846,0.073,19.1,2.25,1.1
2021,2,1,2,2786,0.084,15.12,4.2,1.14
2021,10,1,0,8780,0.087,19.12,2.4,1.18
2025,6,3,6,14233,0.2,14.87,2.81,1.41
2025,6,3,5,4068,0.203,14.87,2.81,1.41
2025,3,2,0,6655,0.185,5.35,3.2,1.34
2022,2,1,0,3315,0.108,19.66,3.28,1.23
2024,4,2,4,11908,0.16,5.81,2.82,1.21
2025,9,3,4,9515,0.2,15.19,2.59,1.35
2022,5,3,2,11837,0.105,20.51,4.02,1.22
2020,3,3,4,9715,0.072,17.46,3.27,1.08
2023,9,2,2,7214,0.151,5.51,1.89,1.28
2020,4,2,2,10127,0.07,5.29,3.39,1.14
2019,4,3,0,7623,0.046,19.64,2.98,1.07
2024,1,1,1,2923,0.188,15.11,3.31,1.28
2022,8,3,7,5623,0.118,17.21,4.14,1.27
2018,11,0,2,3249,0.001,19.22,4.36,0.99
2019,5,1,4,2516,0.032,17.12,2.38,1.11
2021,7,1,5,3556,0.096,14.72,3.23,1.17
2020,8,3,2,2813,0.078,18.25,4.71,1.09
2025,6,2,5,14786,0.198,5.31,3.12,1.37
2025,6,3,2,4840,0.193,14.87,2.81,1.41
2022,8,3,6,9638,0.119,17.21,4.14,1.27
2024,9,0,1,3821,0.165,19.75,2.4,1.31
2022,8,2,1,4655,0.126,5.61,1.77,1.2
2023,5,3,7,12917,0.152,15.8,5.17,1.27
2018,12,1,5,10765,-0.002,20.78,2.5,0.99
2025,8,0,0,2938,0.209,17.62,1.07,1.35
2021,6,1,0,4641,0.101,17.3,1.33,1.15
2022,4,1,4,8419,0.129,14.59,2.48,1.22
2019,6,1,7,7759,0.028,19.35,5.46,1.04
2024,3,3,5,10992,0.173,14.7,4.1,1.34
2024,6,0,2,8025,0.165,19.11,2.37,1.31
2024,7,2,1,5863,0.17,6.79,4.09,1.28
2023,11,2,1,9179,0.157,5.65,2.12,1.29
2021,3,0,4,11014,0.1,15.56,3.99,1.16
2025,2,2,1,2961,0.196,6.05,3.94,1.39
2020,6,2,6,4257,0.036,5.69,2.46,1.12
2022,8,0,6,5406,0.115,17.11,2.78,1.23
2023,7,2,6,12154,0.146,6.89,4.9,1.19
2020,8,3,0,6974,0.053,18.25,4.71,1.09
2020,11,1,5,9282,0.064,18.58,1.24,1.09
2025,2,3,4,11660,0.194,14.81,3.66,1.38
2020,8,1,5,6944,0.055,20.63,4.02,1.11
2022,5,0,2,3238,0.111,17.96,2.59,1.24
2018,5,2,1,5779,0.03,5.15,3.84,0.97
2025,6,1,3,7679,0.206,18.81,3.25,1.35
2019,7,1,5,9376,0.065,14.27,3.68,1.04
2021,10,2,7,9853,0.096,6.19,3.94,1.16
2019,10,2,2,2877,0.032,5.7,4.22,1.1
2021,2,2,5,10401,0.105,6.73,2.8,1.19
2020,5,1,0,7638,0.069,17.21,1.69,1.11
2019,4,1,2,2583,0.06,17.63,3.98,1.04
2019,6,0,2,6573,0.035,14.41,2.79,1.09
2020,12,3,6,13519,0.065,20.57,3.34,1.11
2020,11,2,2,9653,0.074,6.43,4.12,1.12
2019,5,1,0,8906,0.048,17.12,2.38,1.11
2019,8,2,1,4498,0.031,6.14,2.63,1.08
2024,11,3,2,3297,0.169,19.47,2.66,1.28
2022,5,1,0,9876,0.11,15.41,2.6,1.18
2020,8,3,5,3538,0.072,18.25,4.71,1.09
2023,1,0,4,6086,0.146,19.53,2.81,1.24
2020,12,2,7,3531,0.081,5.31,3.85,1.15
2025,6,2,1,10967,0.189,5.31,3.12,1.37
2018,4,3,5,4680,0.022,14.11,2.68,1.02
2019,12,1,5,8266,0.042,20.35,3.11,1.04
2025,5,0,6,10891,0.186,19.64,1.86,1.34
2023,2,3,7,11587,0.131,20.36,3.4,1.26
2020,10,2,1,11420,0.056,5.37,4.37,1.05
2022,9,3,3,8357,0.127,18.12,3.76,1.22
2020,2,2,7,5316,0.082,6.15,5.11,1.12
2018,4,3,2,9711,0.031,14.11,2.68,1.02
2019,9,3,0,9824,0.042,15.59,3.37,1.05
2025,4,0,7,12401,0.2,20.04,1.48,1.37
2025,3,1,6,15353,0.194,19.51,4.25,1.38
2025,10,2,0,5827,0.201,5.09,4.15,1.36
2019,8,2,4,5143,0.062,6.14,2.63,1.08
2018,12,3,1,3361,0.026,18.76,3.5,1.03
2018,9,0,5,3812,0.02,20.39,2.56,1.0
2018,2,0,7,9397,0.034,20.6,2.66,0.98
2020,7,2,2,6741,0.064,5.41,1.5,1.08
2020,4,0,5,10799,0.062,17.65,3.72,1.12
2020,1,1,6,2523,0.101,17.8,2.26,1.09
2021,3,1,4,11880,0.097,14.82,1.79,1.14
2020,12,1,7,9975,0.086,14.13,2.66,1.11
2018,1,1,5,8474,0.035,19.12,3.5,1.0
2022,2,2,4,6668,0.124,6.49,1.47,1.19
2024,1,1,2,12018,0.152,15.11,3.31,1.28
2025,8,2,5,11373,0.187,5.85,3.31,1.36
2024,6,2,4,9114,0.167,6.87,3.01,1.31
2020,10,3,6,8434,0.073,18.7,1.86,1.1
2020,3,1,6,10897,0.06,15.31,4.48,1.09
2019,10,0,1,9474,0.047,20.77,4.0,1.03
2022,6,3,4,9852,0.129,19.36,3.11,1.21
2024,2,3,0,7888,0.171,17.39,2.55,1.26
2024,10,2,1,8342,0.153,6.37,4.57,1.28
2024,2,2,1,5016,0.168,6.79,4.09,1.35
2023,9,3,6,10796,0.156,14.79,2.65,1.27
2020,12,2,5,10288,0.058,5.31,3.85,1.15
2019,6,2,7,2850,0.05,6.1,2.01,1.05
2018,2,3,3,4208,0.025,15.66,4.14,1.02
2020,3,3,6,5931,0.06,17.46,3.27,1.08
2023,2,2,7,11154,0.151,6.42,2.26,1.27
2022,9,2,2,12359,0.129,6.95,3.43,1.18
2020,3,1,1,11836,0.072,15.31,4.48,1.09
2020,11,2,4,11712,0.068,6.43,4.12,1.12
2021,1,0,7,7229,0.092,17.87,1.77,1.17
2024,7,3,7,10619,0.181,19.71,2.85,1.27
2022,12,3,3,7040,0.121,14.2,4.51,1.22
2020,7,0,4,3951,0.066,16.19,2.22,1.1
2019,1,0,2,3384,0.051,16.25,1.15,1.03
2024,8,2,2,5038,0.17,6.29,1.84,1.35
2024,3,1,0,4169,0.172,17.1,3.11,1.29
2018,1,3,4,10624,0.011,20.49,0.82,0.97
2019,10,0,5,3701,0.036,20.77,4.0,1.03
2018,2,1,4,7687,0.018,15.6,4.48,0.98
2025,7,3,1,8953,0.203,16.79,1.29,1.36
2019,5,0,5,2648,0.029,16.27,3.46,1.11
2024,5,3,2,13338,0.173,16.86,3.26,1.3
2020,5,2,0,6746,0.074,5.44,3.01,1.07
2022,10,3,1,4036,0.128,17.5,3.42,1.18
2022,12,1,3,5583,0.11,14.24,1.31,1.22
2019,5,2,1,9911,0.056,6.86,2.62,1.06
2022,6,0,1,8201,0.136,17.29,1.14,1.2
2025,10,3,2,5524,0.186,19.89,2.76,1.35
2018,8,3,6,8427,0.015,18.34,3.34,0.99
2020,1,3,0,4701,0.077,14.91,2.96,1.06
2021,9,1,1,11088,0.087,19.74,2.39,1.15
2024,8,0,1,10824,0.166,16.84,0.97,1.26
2018,5,2,3,10025,0.034,5.15,3.84,0.97
2022,5,3,7,4784,0.136,20.51,4.02,1.22
2019,8,3,1,3294,0.039,18.2,2.98,1.03
2025,9,1,0,10976,0.19,14.84,3.98,1.36
2021,7,1,3,3483,0.083,14.72,3.23,1.17
2019,6,2,1,11852,0.045,6.1,2.01,1.05
2025,10,2,1,9362,0.196,5.09,4.15,1.36
2022,7,2,7,4832,0.123,6.64,2.64,1.19
2022,9,2,0,13427,0.112,6.95,3.43,1.18
2023,5,3,1,4627,0.168,15.8,5.17,1.27
2018,4,2,2,9364,0.005,5.64,2.51,1.01
2025,12,0,1,8587,0.195,14.38,2.72,1.33
2023,3,3,7,5511,0.154,16.61,1.95,1.23
2020,7,3,5,8923,0.074,19.49,3.16,1.1
2025,12,1,7,14463,0.183,20.15,2.5,1.35
2018,6,2,7,4825,0.041,5.52,2.99,1.02
2020,12,3,4,10643,0.068,20.57,3.34,1.11
2020,8,1,0,11952,0.092,20.63,4.02,1.11
2019,10,2,4,11377,0.048,5.7,4.22,1.1
2019,7,2,7,4467,0.055,5.11,1.71,1.06
2018,6,3,5,4214,-0.0,20.14,5.06,1.05
2018,10,0,6,7881,0.026,19.19,5.28,0.92
2024,8,3,0,11360,0.143,19.86,1.72,1.32
2025,5,2,4,13282,0.194,5.29,2.31,1.38
2020,10,1,5,12030,0.057,14.89,2.73,1.11
2025,7,1,2,3951,0.199,16.37,2.09,1.34
2025,9,1,3,8493,0.19,14.84,3.98,1.36
2024,9,1,6,11219,0.186,16.27,1.27,1.25
2020,10,0,6,7809,0.085,19.1,2.25,1.1
2024,7,2,5,4394,0.171,6.79,4.09,1.28
2023,9,2,6,11831,0.158,5.51,1.89,1.28
2021,3,2,4,5954,0.1,6.31,1.91,1.13
2018,1,3,0,9622,0.01,20.49,0.82,0.97
2025,12,0,5,4132,0.213,14.38,2.72,1.33
2019,6,1,3,6190,0.046,19.35,5.46,1.04
2019,9,3,3,4551,0.034,15.59,3.37,1.05
2025,3,3,3,3449,0.186,15.17,2.43,1.34
2025,4,3,1,9512,0.172,20.73,4.21,1.37
2021,12,1,0,8113,0.1,19.94,2.8,1.2
2020,6,2,2,4422,0.067,5.69,2.46,1.12
2024,1,2,4,11754,0.175,6.0,1.27,1.34
2020,1,2,6,9470,0.079,6.93,1.74,1.07
2018,8,1,1,5690,0.01,18.77,2.4,1.02
2023,5,2,3,8719,0.162,5.28,3.81,1.29
2022,9,1,2,7093,0.116,15.14,3.99,1.22
2024,6,3,6,11077,0.17,14.51,3.86,1.25
2025,11,2,0,10901,0.192,5.16,2.75,1.36
2023,12,1,6,14309,0.153,14.11,1.85,1.27
2023,6,1,6,6708,0.154,19.42,3.7,1.24
2022,5,2,6,3548,0.138,5.46,3.43,1.19
2020,9,3,6,8858,0.074,14.74,2.29,1.06
2019,3,3,6,7169,0.042,15.71,2.9,1.05
2020,6,2,3,13748,0.063,5.69,2.46,1.12
2025,12,0,0,5827,0.183,14.38,2.72,1.33
2025,2,0,2,8663,0.198,20.36,5.25,1.34
2019,8,2,2,11150,0.04,6.14,2.63,1.08
2025,5,2,7,6645,0.194,5.29,2.31,1.38
2021,3,1,3,6322,0.114,14.82,1.79,1.14
2021,1,1,7,11949,0.095,20.58,4.52,1.16
2021,9,1,2,13394,0.101,19.74,2.39,1.15
2025,3,2,4,5803,0.19,5.35,3.2,1.34
2021,12,3,2,11673,0.106,14.85,2.49,1.15
2025,10,0,6,9836,0.202,17.72,3.18,1.32
2021,5,3,5,4528,0.096,15.82,3.53,1.12
2025,8,3,7,5907,0.163,20.94,0.28,1.37
2022,3,1,4,7012,0.111,14.44,2.63,1.2
2018,6,1,0,10562,0.001,17.17,1.67,0.98
2022,6,0,0,8535,0.132,17.29,1.14,1.2
2020,6,2,5,11200,0.083,5.69,2.46,1.12
2025,10,1,2,10913,0.194,19.1,4.06,1.38
2020,4,0,6,6252,0.077,17.65,3.72,1.12
2022,12,2,2,3484,0.122,5.26,3.7,1.26
2022,11,2,5,4410,0.113,5.76,3.81,1.18
2023,9,2,0,10265,0.141,5.51,1.89,1.28
2018,4,1,3,9962,0.007,14.6,3.55,0.96
2025,7,0,2,13672,0.199,14.86,1.84,1.36
2024,8,2,6,11827,0.173,6.29,1.84,1.35
2018,8,2,6,6603,0.036,6.43,4.33,1.06
2018,4,1,2,9789,0.028,14.6,3.55,0.96
2021,10,1,6,12126,0.106,19.12,2.4,1.18
2021,10,1,4,2719,0.091,19.12,2.4,1.18
2022,4,3,0,2987,0.122,20.19,4.21,1.15
2019,7,0,3,6202,0.036,17.85,1.92,1.0
2019,8,3,4,11642,0.042,18.2,2.98,1.03
2022,6,1,0,11232,0.133,20.37,3.07,1.12
2023,6,3,6,7452,0.17,19.96,4.9,1.25
2023,9,3,2,15155,0.156,14.79,2.65,1.27
2019,1,3,4,10847,0.028,17.37,4.25,1.06
2021,1,1,3,5808,0.091,20.58,4.52,1.16
2023,11,0,2,11068,0.145,14.35,2.92,1.23
2022,5,3,3,7343,0.11,20.51,4.02,1.22
2023,5,0,0,3582,0.152,20.3,4.47,1.24
2025,8,1,0,4729,0.203,14.33,4.0,1.29
2019,3,1,5,13295,0.046,16.5,4.4,1.0
2023,12,2,6,7471,0.15,5.57,3.67,1.33
2021,6,0,2,13444,0.075,15.58,3.92,1.13
2023,5,1,1,4611,0.148,16.22,4.76,1.25
2020,4,3,0,11414,0.073,19.81,3.52,1.16
2025,10,0,3,11781,0.179,17.72,3.18,1.32
2019,8,0,2,8946,0.038,20.14,2.55,1.03
2024,3,2,1,6075,0.172,5.56,3.16,1.34
2025,5,3,2,6170,0.19,15.22,2.38,1.33
2022,8,2,4,11427,0.124,5.61,1.77,1.2
2018,9,1,7,11520,0.007,15.16,2.67,0.99
2022,4,1,3,6630,0.118,14.59,2.48,1.22
2021,9,2,7,9311,0.095,6.93,3.05,1.16
2023,9,3,7,11414,0.147,14.79,2.65,1.27
2023,2,3,1,12599,0.143,20.36,3.4,1.26
2024,7,2,0,7547,0.165,6.79,4.09,1.28
2022,9,0,3,8909,0.118,20.79,4.17,1.19
2019,9,1,0,11286,0.016,14.35,3.91,1.09
2024,3,3,1,11471,0.161,14.7,4.1,1.34
2024,10,1,7,5853,0.145,17.19,2.13,1.28
2025,7,3,3,13030,0.189,16.79,1.29,1.36
2023,2,1,2,6446,0.132,14.93,4.6,1.24
2019,4,0,0,10826,0.035,18.32,2.53,1.04
2022,10,3,4,4365,0.125,17.5,3.42,1.18
2022,7,1,7,6340,0.145,20.56,3.52,1.24
2018,5,3,3,11006,0.033,15.74,4.48,0.97
2021,12,2,7,12430,0.094,6.72,2.2,1.23
2023,3,1,3,11220,0.141,19.14,3.22,1.22
2021,7,2,1,4563,0.095,5.1,2.25,1.15
2024,5,3,3,7586,0.174,16.86,3.26,1.3
2025,10,2,5,3525,0.182,5.09,4.15,1.36
2025,4,2,4,4043,0.186,5.67,3.39,1.31
2019,9,3,4,4573,0.016,15.59,3.37,1.05
2022,9,1,3,7435,0.123,15.14,3.99,1.22
2024,7,0,2,8383,0.161,14.77,1.79,1.29
2018,6,2,3,4846,-0.002,5.52,2.99,1.02
2020,12,2,4,11843,0.062,5.31,3.85,1.15
2019,8,1,0,2949,0.058,19.19,4.33,1.06
2023,9,0,2,10169,0.161,20.95,2.48,1.26
2025,4,0,2,10222,0.193,20.04,1.48,1.37
2023,1,0,3,4291,0.144,19.53,2.81,1.24
2018,7,1,6,2661,0.012,14.62,2.18,0.98
2024,1,3,2,8503,0.177,18.9,4.77,1.26
2018,10,1,6,8061,0.037,16.95,3.33,0.96
2019,12,2,7,4453,0.055,6.48,3.45,1.02
2019,1,3,0,4280,0.031,17.37,4.25,1.06
2018,4,2,3,2766,0.019,5.64,2.51,1.01
2018,7,0,3,10834,0.032,17.58,3.58,1.01
2020,3,1,4,10558,0.065,15.31,4.48,1.09
2023,12,3,7,5574,0.139,15.08,3.0,1.23
2021,9,2,2,8582,0.096,6.93,3.05,1.16
2022,7,1,6,9647,0.143,20.56,3.52,1.24
2022,5,2,2,8285,0.121,5.46,3.43,1.19
2025,10,3,5,5777,0.192,19.89,2.76,1.35
2022,6,0,4,11048,0.113,17.29,1.14,1.2
2025,10,1,6,3964,0.197,19.1,4.06,1.38
2021,1,1,1,6642,0.094,20.58,4.52,1.16
2022,4,2,6,8306,0.119,5.5,3.93,1.27
2024,5,1,0,3393,0.173,20.51,4.0,1.25
2022,7,2,2,6444,0.114,6.64,2.64,1.19
2020,3,3,7,9528,0.06,17.46,3.27,1.08
2022,2,3,6,10645,0.113,18.07,3.17,1.17
2023,11,2,4,12049,0.15,5.65,2.12,1.29
2019,9,1,1,3608,0.043,14.35,3.91,1.09
2018,1,1,1,10280,0.019,19.12,3.5,1.0
2023,8,3,0,11706,0.148,15.72,4.09,1.23
2019,10,2,3,11169,0.04,5.7,4.22,1.1
2022,4,1,5,11031,0.099,14.59,2.48,1.22
2021,5,0,4,11365,0.085,14.36,3.68,1.13
2025,8,0,5,6937,0.212,17.62,1.07,1.35
2024,6,2,1,15225,0.177,6.87,3.01,1.31
2021,12,3,0,13922,0.093,14.85,2.49,1.15
2022,10,2,6,6702,0.12,5.45,3.49,1.16
2020,12,3,0,9950,0.084,20.57,3.34,1.11
2025,9,3,7,3673,0.184,15.19,2.59,1.35
2022,3,2,2,4983,0.116,5.96,3.58,1.22
2023,3,0,7,14706,0.138,18.47,3.98,1.2
2019,9,3,2,8559,0.044,15.59,3.37,1.05
2019,10,0,4,6716,0.045,20.77,4.0,1.03
2021,4,0,1,5394,0.101,18.74,3.2,1.2
2018,10,2,6,9946,0.02,6.87,5.08,0.99
2019,9,0,0,8890,0.021,15.09,2.52,1.07
2021,9,2,3,13258,0.099,6.93,3.05,1.16
2021,11,1,2,3804,0.078,20.04,1.41,1.19
2019,11,1,6,3793,0.064,14.48,2.4,1.01
2021,5,1,3,4558,0.081,18.88,1.9,1.13
2022,8,0,0,12643,0.111,17.11,2.78,1.23
2020,7,0,5,5707,0.08,16.19,2.22,1.1
2024,12,3,4,5593,0.176,19.11,4.19,1.26
2024,12,2,0,12972,0.159,5.96,4.65,1.35
2021,5,2,3,2885,0.082,5.34,1.97,1.15
2021,8,2,0,9211,0.099,5.39,1.61,1.12
2021,9,1,0,8602,0.089,19.74,2.39,1.15
2023,10,2,6,7454,0.153,6.02,5.12,1.24
2021,11,2,0,9875,0.105,5.49,1.86,1.17
2023,4,3,7,12237,0.156,14.68,3.39,1.25
2021,12,2,1,6504,0.102,6.72,2.2,1.23
2022,4,2,2,5737,0.122,5.5,3.93,1.27
2021,7,0,3,4225,0.075,15.24,2.37,1.14
2025,10,3,0,10577,0.194,19.89,2.76,1.35
2025,11,1,6,5898,0.178,17.27,4.22,1.4
2022,4,0,4,10477,0.115,17.2,2.43,1.18
2020,9,2,4,12758,0.083,6.87,2.96,1.16
2020,1,2,4,9216,0.066,6.93,1.74,1.07
2025,1,1,6,11939,0.2,17.65,2.86,1.35
2022,2,2,6,6685,0.118,6.49,1.47,1.19
2024,10,0,5,9557,0.183,17.49,3.96,1.3
2025,2,0,1,5073,0.187,20.36,5.25,1.34
2024,11,1,1,9556,0.169,19.71,5.06,1.26
2022,9,2,4,13770,0.1,6.95,3.43,1.18
2022,6,2,3,8466,0.11,5.57,3.24,1.17
2021,1,2,2,7260,0.086,5.31,4.59,1.14
2024,9,0,5,15061,0.16,19.75,2.4,1.31
2020,10,1,4,7186,0.08,14.89,2.73,1.11
2019,5,2,5,9297,0.035,6.86,2.62,1.06
2022,5,0,7,5465,0.118,17.96,2.59,1.24
2025,4,0,5,3000,0.182,20.04,1.48,1.37
2025,9,0,5,14802,0.204,20.9,5.43,1.33
2024,8,1,5,12991,0.151,15.31,3.43,1.33
2022,7,2,6,9182,0.109,6.64,2.64,1.19
2023,1,1,4,3119,0.14,20.81,2.82,1.19
2018,3,2,2,6186,0.031,6.73,3.52,1.02
2020,8,2,5,9480,0.053,6.75,2.58,1.14
2019,6,3,4,10528,0.041,16.57,1.63,1.04
2025,4,1,7,10511,0.197,15.08,3.72,1.36
2020,3,2,2,4618,0.086,6.54,2.49,1.1
2021,11,0,5,5625,0.105,19.36,4.0,1.13
2022,11,2,1,4319,0.102,5.76,3.81,1.18
2020,9,0,7,8936,0.08,20.13,3.71,1.1
2018,7,0,7,2595,0.011,17.58,3.58,1.01
2019,1,0,0,3359,0.038,16.25,1.15,1.03
2025,5,2,3,4772,0.194,5.29,2.31,1.38
2020,4,1,7,11511,0.069,16.57,2.67,1.12
2019,1,0,6,10969,0.043,16.25,1.15,1.03
2025,4,2,7,2996,0.212,5.67,3.39,1.31
2025,9,1,7,10264,0.189,14.84,3.98,1.36
2020,9,1,5,12788,0.067,20.6,4.49,1.1
2025,1,1,3,7333,0.195,17.65,2.86,1.35
2021,11,0,6,9939,0.081,19.36,4.0,1.13
2024,12,1,5,5238,0.168,16.03,4.14,1.26
2020,7,1,0,6466,0.073,18.93,1.48,1.09
2022,2,1,3,5938,0.123,19.66,3.28,1.23
2025,3,3,6,12478,0.193,15.17,2.43,1.34
2022,12,1,2,14758,0.115,14.24,1.31,1.22
2025,2,0,4,5141,0.191,20.36,5.25,1.34
2023,8,1,3,3332,0.158,17.4,2.78,1.22
2020,2,1,5,9733,0.069,16.47,4.66,1.15
2022,7,3,2,7885,0.123,20.77,0.1,1.22
2024,5,3,7,7579,0.166,16.86,3.26,1.3
2019,4,3,7,3495,0.052,19.64,2.98,1.07
2020,1,0,4,9635,0.074,14.05,0.65,1.11
2022,11,1,2,8522,0.133,14.38,2.28,1.18
2018,7,0,0,7951,0.008,17.58,3.58,1.01
2023,9,1,7,7269,0.156,20.22,3.93,1.26
2023,6,0,0,6748,0.146,14.15,1.27,1.26
2023,12,1,7,5243,0.153,14.11,1.85,1.27
2022,9,1,5,6415,0.113,15.14,3.99,1.22
2018,12,2,3,4328,0.026,6.08,3.75,0.96
2024,2,1,0,11464,0.167,17.19,4.26,1.29
2019,2,1,3,2648,0.058,20.1,4.81,1.06
2022,6,1,3,8713,0.124,20.37,3.07,1.12
2019,1,1,2,4092,0.051,19.31,2.44,1.06
2024,11,3,0,13232,0.178,19.47,2.66,1.28
2021,12,3,3,4250,0.1,14.85,2.49,1.15
2021,1,0,3,8356,0.089,17.87,1.77,1.17
2021,11,3,2,4102,0.099,19.36,2.37,1.18
2025,1,1,2,7353,0.195,17.65,2.86,1.35
2023,4,0,4,8404,0.135,19.18,3.1,1.22
2021,1,1,0,9965,0.112,20.58,4.52,1.16
2021,7,3,2,9400,0.107,19.11,3.0,1.18
2024,9,0,0,12138,0.169,19.75,2.4,1.31
2018,3,1,0,4562,0.023,19.96,3.92,0.99
2023,5,0,7,12179,0.152,20.3,4.47,1.24
2021,1,2,5,9828,0.119,5.31,4.59,1.14
2019,4,0,5,6795,0.051,18.32,2.53,1.04
2018,12,2,4,3054,0.022,6.08,3.75,0.96
2023,10,2,4,5745,0.141,6.02,5.12,1.24
2019,12,2,4,11873,0.039,6.48,3.45,1.02
2023,11,2,0,6461,0.14,5.65,2.12,1.29
2020,1,3,2,3966,0.075,14.91,2.96,1.06
2020,10,3,5,4342,0.078,18.7,1.86,1.1
2020,4,0,7,3241,0.08,17.65,3.72,1.12
2018,11,3,1,5994,0.02,18.31,3.87,1.01
2025,3,0,2,10435,0.207,18.76,4.46,1.34
2024,2,1,2,11689,0.175,17.19,4.26,1.29
2020,8,2,0,7861,0.07,6.75,2.58,1.14
2021,4,2,4,8364,0.112,6.51,2.7,1.11
2019,3,1,2,13286,0.025,16.5,4.4,1.0
2020,2,0,2,8403,0.066,17.19,3.54,1.11
2024,1,0,6,10427,0.164,17.3,3.67,1.34
2020,8,1,4,11051,0.084,20.63,4.02,1.11
2023,2,2,6,3568,0.143,6.42,2.26,1.27
2018,7,0,1,10119,0.003,17.58,3.58,1.01
2018,6,1,1,5806,0.024,17.17,1.67,0.98
2022,2,0,4,7471,0.127,15.26,4.41,1.2
2025,3,2,1,13304,0.188,5.35,3.2,1.34
2024,5,3,1,3510,0.182,16.86,3.26,1.3
2019,10,2,7,6193,0.054,5.7,4.22,1.1
2021,11,2,5,7685,0.103,5.49,1.86,1.17
2020,12,0,1,13579,0.076,15.72,3.21,1.12
2024,10,3,6,6608,0.181,20.6,2.94,1.28
2020,8,2,6,10576,0.086,6.75,2.58,1.14
2022,2,3,1,3643,0.137,18.07,3.17,1.17
2023,2,1,4,6274,0.141,14.93,4.6,1.24
2023,11,0,6,12396,0.137,14.35,2.92,1.23
2018,2,1,3,5820,0.03,15.6,4.48,0.98
2020,1,1,2,8464,0.078,17.8,2.26,1.09
2024,8,2,5,8379,0.182,6.29,1.84,1.35
2021,11,1,7,2793,0.087,20.04,1.41,1.19
2025,10,2,4,6908,0.203,5.09,4.15,1.36
2021,8,0,7,11767,0.092,20.9,2.86,1.18
2023,7,2,4,5936,0.146,6.89,4.9,1.19
2021,7,3,4,6771,0.098,19.11,3.0,1.18
2025,9,1,1,8937,0.193,14.84,3.98,1.36
2024,10,3,5,13352,0.156,20.6,2.94,1.28
2025,5,0,0,6928,0.173,19.64,1.86,1.34
2023,4,2,1,11845,0.153,6.9,2.68,1.22
2018,8,3,1,3439,0.022,18.34,3.34,0.99
2023,5,0,6,11778,0.146,20.3,4.47,1.24
2024,2,2,4,6124,0.159,6.79,4.09,1.35
2019,7,2,0,11046,0.037,5.11,1.71,1.06
2024,5,1,4,7388,0.163,20.51,4.0,1.25
2021,5,3,1,10779,0.084,15.82,3.53,1.12
2023,10,1,7,3592,0.161,17.64,2.84,1.31
2025,7,0,0,10499,0.181,14.86,1.84,1.36
2023,5,3,5,4254,0.142,15.8,5.17,1.27
2019,9,1,7,5069,0.043,14.35,3.91,1.09
2021,12,2,0,10135,0.1,6.72,2.2,1.23
2025,6,2,2,6080,0.177,5.31,3.12,1.37
2021,4,3,4,8422,0.08,16.27,4.0,1.18
2022,12,0,4,12896,0.119,15.01,4.44,1.18
2019,6,3,3,11780,0.059,16.57,1.63,1.04
2025,11,2,4,9521,0.185,5.16,2.75,1.36
2025,2,0,7,6769,0.178,20.36,5.25,1.34
2025,10,2,6,5540,0.185,5.09,4.15,1.36
2018,6,2,6,12069,0.025,5.52,2.99,1.02
2022,9,0,7,12588,0.133,20.79,4.17,1.19
2020,7,0,2,7372,0.053,16.19,2.22,1.1
2025,2,2,4,9756,0.198,6.05,3.94,1.39
2023,4,2,2,6262,0.146,6.9,2.68,1.22
2024,8,2,7,10251,0.18,6.29,1.84,1.35
2020,10,2,3,5818,0.091,5.37,4.37,1.05
2019,3,2,3,3346,0.032,6.8,2.89,1.07
2025,7,2,0,9320,0.205,5.16,1.45,1.37
2019,12,0,4,12134,0.03,19.73,2.42,1.08
2023,12,2,5,4393,0.146,5.57,3.67,1.33
2018,1,3,6,7972,0.029,20.49,0.82,0.97
2019,3,0,4,9963,0.048,18.8,2.52,0.98
2021,2,1,0,5473,0.087,15.12,4.2,1.14
2024,1,3,5,10291,0.171,18.9,4.77,1.26
2020,6,2,4,7765,0.089,5.69,2.46,1.12
2021,2,2,2,7810,0.096,6.73,2.8,1.19
2024,5,1,1,3697,0.161,20.51,4.0,1.25
2025,6,1,6,4902,0.192,18.81,3.25,1.35
2021,12,0,4,9720,0.098,16.14,3.31,1.12
2024,3,3,2,8556,0.161,14.7,4.1,1.34
2020,1,1,1,5783,0.057,17.8,2.26,1.09
2022,5,3,6,11615,0.127,20.51,4.02,1.22
2018,5,1,3,9201,0.023,19.26,2.78,1.03
2025,8,1,2,11759,0.184,14.33,4.0,1.29
2023,7,3,2,5993,0.142,15.89,3.46,1.26
2021,11,0,3,5782,0.114,19.36,4.0,1.13
2018,11,0,3,9683,0.006,19.22,4.36,0.99
2021,3,3,7,14118,0.098,19.64,1.71,1.11
2019,3,3,3,7863,0.056,15.71,2.9,1.05
2023,8,2,1,10081,0.142,6.62,1.78,1.29
2022,4,1,7,4447,0.114,14.59,2.48,1.22
2020,11,1,2,4635,0.067,18.58,1.24,1.09
2020,12,0,3,8799,0.076,15.72,3.21,1.12
2021,5,0,7,9949,0.098,14.36,3.68,1.13
2020,3,2,5,12654,0.077,6.54,2.49,1.1
